"District","Type","Year","NDVI"
"Harare","Average","Jan",0.602054078806452
"Bulawayo","Average","Jan",0.584560450064516
"Buhera","Average","Jan",0.438970444612903
"Chimanimani","Average","Jan",0.710711334870968
"Chipinge","Average","Jan",0.653141686290323
"Makoni","Average","Jan",0.60625899983871
"Mutare","Average","Jan",0.570978820258065
"Mutasa","Average","Jan",0.698789842129032
"Nyanga","Average","Jan",0.669141305322581
"Bindura","Average","Jan",0.700029579129032
"Guruve","Average","Jan",0.701232175612903
"Mount Darwin","Average","Jan",0.684502208677419
"Mazowe","Average","Jan",0.689201419870968
"Centenary","Average","Jan",0.686387484354839
"Rushinga","Average","Jan",0.720292482451613
"Shamva","Average","Jan",0.701502441774194
"Chikomba","Average","Jan",0.581823583935484
"Goromonzi","Average","Jan",0.644603871903226
"Marondera","Average","Jan",0.609973195870968
"Mudzi","Average","Jan",0.655415483709677
"Mutoko","Average","Jan",0.610826482
"Murehwa","Average","Jan",0.602089071451613
"UMP","Average","Jan",0.644024340516129
"Seke","Average","Jan",0.619836642064516
"Wedza","Average","Jan",0.607780006451613
"Chirumhanzu","Average","Jan",0.577719563064516
"Gokwe North","Average","Jan",0.667721709032258
"Gokwe South","Average","Jan",0.605919497483871
"Gweru","Average","Jan",0.595256660516129
"Kwekwe","Average","Jan",0.635960696516129
"Mberengwa","Average","Jan",0.58530646416129
"Shurugwi","Average","Jan",0.580775976322581
"Zvishavane","Average","Jan",0.56730282716129
"Binga","Average","Jan",0.648649042290323
"Bubi","Average","Jan",0.639609450225806
"Hwange","Average","Jan",0.66609550183871
"Lupane","Average","Jan",0.63156468716129
"Nkayi","Average","Jan",0.634351806903226
"Tsholotsho","Average","Jan",0.574797172935484
"Umguza","Average","Jan",0.655825396419355
"Beitbridge","Average","Jan",0.490954000741935
"Bulilima (North)","Average","Jan",0.497467653451613
"Gwanda","Average","Jan",0.574126985935484
"Insiza","Average","Jan",0.603431540258065
"Mangwe (South)","Average","Jan",0.535697401645161
"Matobo","Average","Jan",0.552477529096774
"Umzingwane","Average","Jan",0.609015384709677
"Bikita","Average","Jan",0.589714057645161
"Chiredzi","Average","Jan",0.614013955612903
"Chivi","Average","Jan",0.539373064
"Gutu","Average","Jan",0.511771055774194
"Masvingo","Average","Jan",0.605057269741936
"Mwenezi","Average","Jan",0.600729397096774
"Zaka","Average","Jan",0.59505557316129
"Chegutu","Average","Jan",0.634469805193548
"Hurungwe","Average","Jan",0.741216662096774
"Kadoma","Average","Jan",0.656926027516129
"Kariba","Average","Jan",0.600093889129032
"Makonde","Average","Jan",0.690490561225806
"Zvimba","Average","Jan",0.676094811290323
"Harare","Average","Feb",0.591347198035714
"Bulawayo","Average","Feb",0.539749156607143
"Buhera","Average","Feb",0.436896542321429
"Chimanimani","Average","Feb",0.706631344035714
"Chipinge","Average","Feb",0.653223558321429
"Makoni","Average","Feb",0.595990029392857
"Mutare","Average","Feb",0.572762075035714
"Mutasa","Average","Feb",0.708114416321429
"Nyanga","Average","Feb",0.650200745285714
"Bindura","Average","Feb",0.720428011464286
"Guruve","Average","Feb",0.697461679357143
"Mount Darwin","Average","Feb",0.695212429035714
"Mazowe","Average","Feb",0.709841861321429
"Centenary","Average","Feb",0.671881340107143
"Rushinga","Average","Feb",0.713912967821429
"Shamva","Average","Feb",0.719876368785714
"Chikomba","Average","Feb",0.559280317928571
"Goromonzi","Average","Feb",0.646836566928571
"Marondera","Average","Feb",0.579683011857143
"Mudzi","Average","Feb",0.634699701928571
"Mutoko","Average","Feb",0.613533268535714
"Murehwa","Average","Feb",0.61491511175
"UMP","Average","Feb",0.647804891428571
"Seke","Average","Feb",0.571252205607143
"Wedza","Average","Feb",0.593704446107143
"Chirumhanzu","Average","Feb",0.547494410107143
"Gokwe North","Average","Feb",0.652164956964286
"Gokwe South","Average","Feb",0.584702203428571
"Gweru","Average","Feb",0.567249546821429
"Kwekwe","Average","Feb",0.604410945214286
"Mberengwa","Average","Feb",0.575135467107143
"Shurugwi","Average","Feb",0.558356603571429
"Zvishavane","Average","Feb",0.567554564571429
"Binga","Average","Feb",0.629234719821429
"Bubi","Average","Feb",0.605819446928571
"Hwange","Average","Feb",0.644507446321429
"Lupane","Average","Feb",0.5948871745
"Nkayi","Average","Feb",0.599375903571429
"Tsholotsho","Average","Feb",0.555269804392857
"Umguza","Average","Feb",0.614243047571429
"Beitbridge","Average","Feb",0.504875690678571
"Bulilima (North)","Average","Feb",0.487336833928571
"Gwanda","Average","Feb",0.568363763571429
"Insiza","Average","Feb",0.56477336525
"Mangwe (South)","Average","Feb",0.516898383678571
"Matobo","Average","Feb",0.544267406607143
"Umzingwane","Average","Feb",0.581552620785714
"Bikita","Average","Feb",0.581951624821429
"Chiredzi","Average","Feb",0.616186015892857
"Chivi","Average","Feb",0.538095248678571
"Gutu","Average","Feb",0.509033621785714
"Masvingo","Average","Feb",0.601281182607143
"Mwenezi","Average","Feb",0.623742682321429
"Zaka","Average","Feb",0.604125473464286
"Chegutu","Average","Feb",0.610663420714286
"Hurungwe","Average","Feb",0.723271169285714
"Kadoma","Average","Feb",0.634863022678571
"Kariba","Average","Feb",0.565095414928571
"Makonde","Average","Feb",0.716838106678571
"Zvimba","Average","Feb",0.673375389785714
"Harare","Average","Mar",0.574688760387097
"Bulawayo","Average","Mar",0.501442939645161
"Buhera","Average","Mar",0.379394047516129
"Chimanimani","Average","Mar",0.678709460935484
"Chipinge","Average","Mar",0.56514062416129
"Makoni","Average","Mar",0.58236948083871
"Mutare","Average","Mar",0.543808532419355
"Mutasa","Average","Mar",0.693159529483871
"Nyanga","Average","Mar",0.64414789283871
"Bindura","Average","Mar",0.707653570774194
"Guruve","Average","Mar",0.675433381806452
"Mount Darwin","Average","Mar",0.668183178032258
"Mazowe","Average","Mar",0.703729291741935
"Centenary","Average","Mar",0.641572330096774
"Rushinga","Average","Mar",0.684549070064516
"Shamva","Average","Mar",0.706081558580645
"Chikomba","Average","Mar",0.542220541967742
"Goromonzi","Average","Mar",0.645477692129032
"Marondera","Average","Mar",0.575723050032258
"Mudzi","Average","Mar",0.597361658709677
"Mutoko","Average","Mar",0.603622816709677
"Murehwa","Average","Mar",0.61882127983871
"UMP","Average","Mar",0.637711597967742
"Seke","Average","Mar",0.557648637225806
"Wedza","Average","Mar",0.571157134258064
"Chirumhanzu","Average","Mar",0.530697575354839
"Gokwe North","Average","Mar",0.664504735032258
"Gokwe South","Average","Mar",0.598215603935484
"Gweru","Average","Mar",0.555900197645161
"Kwekwe","Average","Mar",0.598506758709677
"Mberengwa","Average","Mar",0.511954831806452
"Shurugwi","Average","Mar",0.526649746903226
"Zvishavane","Average","Mar",0.515295985870968
"Binga","Average","Mar",0.626108877387097
"Bubi","Average","Mar",0.592687673129032
"Hwange","Average","Mar",0.617976130903226
"Lupane","Average","Mar",0.599611453967742
"Nkayi","Average","Mar",0.60427492216129
"Tsholotsho","Average","Mar",0.538264400645161
"Umguza","Average","Mar",0.590608125225806
"Beitbridge","Average","Mar",0.417405396580645
"Bulilima (North)","Average","Mar",0.469161373709677
"Gwanda","Average","Mar",0.472811579225806
"Insiza","Average","Mar",0.523612149903226
"Mangwe (South)","Average","Mar",0.454523290483871
"Matobo","Average","Mar",0.492622053903226
"Umzingwane","Average","Mar",0.538522654516129
"Bikita","Average","Mar",0.482698792935484
"Chiredzi","Average","Mar",0.531105309225806
"Chivi","Average","Mar",0.466725365741935
"Gutu","Average","Mar",0.465699838709677
"Masvingo","Average","Mar",0.534301370709677
"Mwenezi","Average","Mar",0.534280487290323
"Zaka","Average","Mar",0.517234872935484
"Chegutu","Average","Mar",0.598290483290323
"Hurungwe","Average","Mar",0.699345963516129
"Kadoma","Average","Mar",0.626619064032258
"Kariba","Average","Mar",0.56858973616129
"Makonde","Average","Mar",0.707163933
"Zvimba","Average","Mar",0.666616363290323
"Harare","Average","Apr",0.511226651366667
"Bulawayo","Average","Apr",0.463206957733333
"Buhera","Average","Apr",0.349920456633333
"Chimanimani","Average","Apr",0.659853074133333
"Chipinge","Average","Apr",0.537556917433333
"Makoni","Average","Apr",0.543605140633333
"Mutare","Average","Apr",0.524855913966667
"Mutasa","Average","Apr",0.680078276266667
"Nyanga","Average","Apr",0.607084438566667
"Bindura","Average","Apr",0.642375755866667
"Guruve","Average","Apr",0.6105094834
"Mount Darwin","Average","Apr",0.595108807766667
"Mazowe","Average","Apr",0.622843989833333
"Centenary","Average","Apr",0.596800532133333
"Rushinga","Average","Apr",0.618089508766667
"Shamva","Average","Apr",0.636529173066667
"Chikomba","Average","Apr",0.503622864366667
"Goromonzi","Average","Apr",0.585761029666667
"Marondera","Average","Apr",0.5388696268
"Mudzi","Average","Apr",0.5512427072
"Mutoko","Average","Apr",0.5370946236
"Murehwa","Average","Apr",0.565899035466667
"UMP","Average","Apr",0.5539066787
"Seke","Average","Apr",0.5022649263
"Wedza","Average","Apr",0.5414299343
"Chirumhanzu","Average","Apr",0.4995812702
"Gokwe North","Average","Apr",0.585720863866667
"Gokwe South","Average","Apr",0.539182680666667
"Gweru","Average","Apr",0.523603827533333
"Kwekwe","Average","Apr",0.539187056266667
"Mberengwa","Average","Apr",0.5033332837
"Shurugwi","Average","Apr",0.513711121833333
"Zvishavane","Average","Apr",0.484626470266667
"Binga","Average","Apr",0.539170185966667
"Bubi","Average","Apr",0.548822786766667
"Hwange","Average","Apr",0.537168189633333
"Lupane","Average","Apr",0.562087691566667
"Nkayi","Average","Apr",0.550604606966667
"Tsholotsho","Average","Apr",0.503933617833333
"Umguza","Average","Apr",0.5555346267
"Beitbridge","Average","Apr",0.381847684633333
"Bulilima (North)","Average","Apr",0.4568488866
"Gwanda","Average","Apr",0.443732687966667
"Insiza","Average","Apr",0.493834858666667
"Mangwe (South)","Average","Apr",0.464082460466667
"Matobo","Average","Apr",0.464614207866667
"Umzingwane","Average","Apr",0.506614946133333
"Bikita","Average","Apr",0.472306310233333
"Chiredzi","Average","Apr",0.492960936066667
"Chivi","Average","Apr",0.436813867766667
"Gutu","Average","Apr",0.4477463411
"Masvingo","Average","Apr",0.520404434733333
"Mwenezi","Average","Apr",0.492826310866667
"Zaka","Average","Apr",0.512513194166667
"Chegutu","Average","Apr",0.5342772967
"Hurungwe","Average","Apr",0.6137914242
"Kadoma","Average","Apr",0.5608890533
"Kariba","Average","Apr",0.4377709424
"Makonde","Average","Apr",0.6343031622
"Zvimba","Average","Apr",0.587716303433333
"Harare","Average","May",0.458399796258065
"Bulawayo","Average","May",0.453801350806452
"Buhera","Average","May",0.327600841483871
"Chimanimani","Average","May",0.626924423580645
"Chipinge","Average","May",0.512681790451613
"Makoni","Average","May",0.477747964354839
"Mutare","Average","May",0.475615735903226
"Mutasa","Average","May",0.648808678645161
"Nyanga","Average","May",0.548953700064516
"Bindura","Average","May",0.544774764451613
"Guruve","Average","May",0.498684660129032
"Mount Darwin","Average","May",0.482609173806452
"Mazowe","Average","May",0.516752774451613
"Centenary","Average","May",0.489549297806452
"Rushinga","Average","May",0.504683381709677
"Shamva","Average","May",0.559715597322581
"Chikomba","Average","May",0.442278571032258
"Goromonzi","Average","May",0.507449778096774
"Marondera","Average","May",0.477920015354839
"Mudzi","Average","May",0.451519172
"Mutoko","Average","May",0.462715466354839
"Murehwa","Average","May",0.495663473290323
"UMP","Average","May",0.477622973806452
"Seke","Average","May",0.434888463870968
"Wedza","Average","May",0.478306006870968
"Chirumhanzu","Average","May",0.441889196967742
"Gokwe North","Average","May",0.488463821419355
"Gokwe South","Average","May",0.473551619451613
"Gweru","Average","May",0.470299382193548
"Kwekwe","Average","May",0.489551505774194
"Mberengwa","Average","May",0.46134593283871
"Shurugwi","Average","May",0.467022578322581
"Zvishavane","Average","May",0.435220250032258
"Binga","Average","May",0.444335275774194
"Bubi","Average","May",0.516452762612903
"Hwange","Average","May",0.474050362258065
"Lupane","Average","May",0.51545453583871
"Nkayi","Average","May",0.505888956677419
"Tsholotsho","Average","May",0.475747887806452
"Umguza","Average","May",0.533928964774194
"Beitbridge","Average","May",0.351196552451613
"Bulilima (North)","Average","May",0.443746583354839
"Gwanda","Average","May",0.395614395032258
"Insiza","Average","May",0.453248113483871
"Mangwe (South)","Average","May",0.445018025612903
"Matobo","Average","May",0.425481217258065
"Umzingwane","Average","May",0.47876398816129
"Bikita","Average","May",0.448296681645161
"Chiredzi","Average","May",0.47220662916129
"Chivi","Average","May",0.395513454548387
"Gutu","Average","May",0.400934655516129
"Masvingo","Average","May",0.47138393483871
"Mwenezi","Average","May",0.441716881774194
"Zaka","Average","May",0.487174733096774
"Chegutu","Average","May",0.463560258548387
"Hurungwe","Average","May",0.501291258290323
"Kadoma","Average","May",0.483524345290323
"Kariba","Average","May",0.345483809387097
"Makonde","Average","May",0.541680463548387
"Zvimba","Average","May",0.492231176709677
"Harare","Average","Jun",0.396841890666667
"Bulawayo","Average","Jun",0.370053677533333
"Buhera","Average","Jun",0.295869494466667
"Chimanimani","Average","Jun",0.5743270081
"Chipinge","Average","Jun",0.452812070866667
"Makoni","Average","Jun",0.406701919733333
"Mutare","Average","Jun",0.4120550525
"Mutasa","Average","Jun",0.5865085383
"Nyanga","Average","Jun",0.4863102924
"Bindura","Average","Jun",0.461126391666667
"Guruve","Average","Jun",0.432250345366667
"Mount Darwin","Average","Jun",0.408235001566667
"Mazowe","Average","Jun",0.436754446933333
"Centenary","Average","Jun",0.4275573475
"Rushinga","Average","Jun",0.4105722005
"Shamva","Average","Jun",0.482358372533333
"Chikomba","Average","Jun",0.3774771209
"Goromonzi","Average","Jun",0.433276337266667
"Marondera","Average","Jun",0.4116322587
"Mudzi","Average","Jun",0.376347877433333
"Mutoko","Average","Jun",0.402579815533333
"Murehwa","Average","Jun",0.427098887233333
"UMP","Average","Jun",0.407775957366667
"Seke","Average","Jun",0.3766292266
"Wedza","Average","Jun",0.406396614233333
"Chirumhanzu","Average","Jun",0.3865752632
"Gokwe North","Average","Jun",0.410520780133333
"Gokwe South","Average","Jun",0.4138618795
"Gweru","Average","Jun",0.3943266067
"Kwekwe","Average","Jun",0.430804553966667
"Mberengwa","Average","Jun",0.393318855433333
"Shurugwi","Average","Jun",0.402589572766667
"Zvishavane","Average","Jun",0.3780721772
"Binga","Average","Jun",0.370265869333333
"Bubi","Average","Jun",0.427895429366667
"Hwange","Average","Jun",0.398073277733333
"Lupane","Average","Jun",0.4504790827
"Nkayi","Average","Jun",0.442155304433333
"Tsholotsho","Average","Jun",0.4064275363
"Umguza","Average","Jun",0.440052429466667
"Beitbridge","Average","Jun",0.319575190866667
"Bulilima (North)","Average","Jun",0.3821469305
"Gwanda","Average","Jun",0.3449458775
"Insiza","Average","Jun",0.3811966672
"Mangwe (South)","Average","Jun",0.368650519633333
"Matobo","Average","Jun",0.3635371562
"Umzingwane","Average","Jun",0.4017677306
"Bikita","Average","Jun",0.3848922817
"Chiredzi","Average","Jun",0.4216119955
"Chivi","Average","Jun",0.349999801366667
"Gutu","Average","Jun",0.349327182033333
"Masvingo","Average","Jun",0.404801635533333
"Mwenezi","Average","Jun",0.3876346486
"Zaka","Average","Jun",0.4088564111
"Chegutu","Average","Jun",0.404989298866667
"Hurungwe","Average","Jun",0.429739168533333
"Kadoma","Average","Jun",0.414777751033333
"Kariba","Average","Jun",0.274496120733333
"Makonde","Average","Jun",0.4602765289
"Zvimba","Average","Jun",0.4143339571
"Harare","Average","Jul",0.332189561516129
"Bulawayo","Average","Jul",0.296501802870968
"Buhera","Average","Jul",0.265244447709677
"Chimanimani","Average","Jul",0.518037387516129
"Chipinge","Average","Jul",0.406638845290323
"Makoni","Average","Jul",0.349193672580645
"Mutare","Average","Jul",0.358265989741935
"Mutasa","Average","Jul",0.520969586967742
"Nyanga","Average","Jul",0.426393139645161
"Bindura","Average","Jul",0.39436969783871
"Guruve","Average","Jul",0.375680294806452
"Mount Darwin","Average","Jul",0.353658601612903
"Mazowe","Average","Jul",0.370341242451613
"Centenary","Average","Jul",0.371611945193548
"Rushinga","Average","Jul",0.357907050612903
"Shamva","Average","Jul",0.412848286419355
"Chikomba","Average","Jul",0.322158303387097
"Goromonzi","Average","Jul",0.368071650806452
"Marondera","Average","Jul",0.348197336193548
"Mudzi","Average","Jul",0.334624025290323
"Mutoko","Average","Jul",0.351278057548387
"Murehwa","Average","Jul",0.365764694290323
"UMP","Average","Jul",0.359304775193548
"Seke","Average","Jul",0.318290092935484
"Wedza","Average","Jul",0.348037291935484
"Chirumhanzu","Average","Jul",0.330086862096774
"Gokwe North","Average","Jul",0.340287572096774
"Gokwe South","Average","Jul",0.352494290129032
"Gweru","Average","Jul",0.329872444870968
"Kwekwe","Average","Jul",0.348007770774194
"Mberengwa","Average","Jul",0.344494128967742
"Shurugwi","Average","Jul",0.337988596741935
"Zvishavane","Average","Jul",0.327394403193548
"Binga","Average","Jul",0.312787630064516
"Bubi","Average","Jul",0.340877101709677
"Hwange","Average","Jul",0.338491724548387
"Lupane","Average","Jul",0.374535533096774
"Nkayi","Average","Jul",0.35742807516129
"Tsholotsho","Average","Jul",0.338179497935484
"Umguza","Average","Jul",0.346607149322581
"Beitbridge","Average","Jul",0.287464425419355
"Bulilima (North)","Average","Jul",0.32071397083871
"Gwanda","Average","Jul",0.307795469612903
"Insiza","Average","Jul",0.316131141709677
"Mangwe (South)","Average","Jul",0.310536547258065
"Matobo","Average","Jul",0.317649499193548
"Umzingwane","Average","Jul",0.336088852645161
"Bikita","Average","Jul",0.34364274683871
"Chiredzi","Average","Jul",0.371608947
"Chivi","Average","Jul",0.315967029516129
"Gutu","Average","Jul",0.303508860096774
"Masvingo","Average","Jul",0.352110747354839
"Mwenezi","Average","Jul",0.346881492032258
"Zaka","Average","Jul",0.365882492354839
"Chegutu","Average","Jul",0.331991172483871
"Hurungwe","Average","Jul",0.370481447032258
"Kadoma","Average","Jul",0.34038095083871
"Kariba","Average","Jul",0.223240825645161
"Makonde","Average","Jul",0.381316054935484
"Zvimba","Average","Jul",0.342860953903226
"Harare","Average","Aug",0.297539079774194
"Bulawayo","Average","Aug",0.266345497258065
"Buhera","Average","Aug",0.242970939806452
"Chimanimani","Average","Aug",0.474070206451613
"Chipinge","Average","Aug",0.375462936612903
"Makoni","Average","Aug",0.309845285225806
"Mutare","Average","Aug",0.318816138903226
"Mutasa","Average","Aug",0.463749306387097
"Nyanga","Average","Aug",0.380875061387097
"Bindura","Average","Aug",0.348283076193548
"Guruve","Average","Aug",0.33204993283871
"Mount Darwin","Average","Aug",0.316016973741935
"Mazowe","Average","Aug",0.330224723225806
"Centenary","Average","Aug",0.328212620516129
"Rushinga","Average","Aug",0.322839604516129
"Shamva","Average","Aug",0.356391623741936
"Chikomba","Average","Aug",0.291109938677419
"Goromonzi","Average","Aug",0.328384516677419
"Marondera","Average","Aug",0.309503858580645
"Mudzi","Average","Aug",0.306564890741935
"Mutoko","Average","Aug",0.313845975129032
"Murehwa","Average","Aug",0.323827799193548
"UMP","Average","Aug",0.321565785258065
"Seke","Average","Aug",0.287359945677419
"Wedza","Average","Aug",0.310402187612903
"Chirumhanzu","Average","Aug",0.300224710645161
"Gokwe North","Average","Aug",0.302892557322581
"Gokwe South","Average","Aug",0.315653417903226
"Gweru","Average","Aug",0.297438679741935
"Kwekwe","Average","Aug",0.313582223935484
"Mberengwa","Average","Aug",0.31007204716129
"Shurugwi","Average","Aug",0.303466913806452
"Zvishavane","Average","Aug",0.295163695645161
"Binga","Average","Aug",0.284496707225806
"Bubi","Average","Aug",0.309122762483871
"Hwange","Average","Aug",0.312566410354839
"Lupane","Average","Aug",0.338989802967742
"Nkayi","Average","Aug",0.319087230419355
"Tsholotsho","Average","Aug",0.307310832516129
"Umguza","Average","Aug",0.311959713032258
"Beitbridge","Average","Aug",0.262367229935484
"Bulilima (North)","Average","Aug",0.284955204064516
"Gwanda","Average","Aug",0.283526271677419
"Insiza","Average","Aug",0.286849945225806
"Mangwe (South)","Average","Aug",0.282119388774194
"Matobo","Average","Aug",0.292145681741936
"Umzingwane","Average","Aug",0.300980666967742
"Bikita","Average","Aug",0.315642409290323
"Chiredzi","Average","Aug",0.330452585387097
"Chivi","Average","Aug",0.293210295806452
"Gutu","Average","Aug",0.275333481677419
"Masvingo","Average","Aug",0.32626044683871
"Mwenezi","Average","Aug",0.315207481677419
"Zaka","Average","Aug",0.350993991870968
"Chegutu","Average","Aug",0.295673010516129
"Hurungwe","Average","Aug",0.330318515677419
"Kadoma","Average","Aug",0.306474472129032
"Kariba","Average","Aug",0.233244904548387
"Makonde","Average","Aug",0.331205843741935
"Zvimba","Average","Aug",0.303218389709677
"Harare","Average","Sep",0.297377540866667
"Bulawayo","Average","Sep",0.256018327933333
"Buhera","Average","Sep",0.2356737291
"Chimanimani","Average","Sep",0.4518401494
"Chipinge","Average","Sep",0.345806606033333
"Makoni","Average","Sep",0.298633150133333
"Mutare","Average","Sep",0.301617025366667
"Mutasa","Average","Sep",0.429610584833333
"Nyanga","Average","Sep",0.361888073766667
"Bindura","Average","Sep",0.317828648866667
"Guruve","Average","Sep",0.3010740249
"Mount Darwin","Average","Sep",0.2910859916
"Mazowe","Average","Sep",0.3159133925
"Centenary","Average","Sep",0.295310846733333
"Rushinga","Average","Sep",0.2990075148
"Shamva","Average","Sep",0.3195552342
"Chikomba","Average","Sep",0.287905762133333
"Goromonzi","Average","Sep",0.317322927666667
"Marondera","Average","Sep",0.307250957166667
"Mudzi","Average","Sep",0.288639779433333
"Mutoko","Average","Sep",0.294041856066667
"Murehwa","Average","Sep",0.307626741866667
"UMP","Average","Sep",0.2978944333
"Seke","Average","Sep",0.283194546366667
"Wedza","Average","Sep",0.297088722733333
"Chirumhanzu","Average","Sep",0.297557776866667
"Gokwe North","Average","Sep",0.280491626533333
"Gokwe South","Average","Sep",0.295990173233333
"Gweru","Average","Sep",0.2877071779
"Kwekwe","Average","Sep",0.301143794166667
"Mberengwa","Average","Sep",0.286528229666667
"Shurugwi","Average","Sep",0.296564072033333
"Zvishavane","Average","Sep",0.277820442466667
"Binga","Average","Sep",0.291817272233333
"Bubi","Average","Sep",0.294806071933333
"Hwange","Average","Sep",0.296628000633333
"Lupane","Average","Sep",0.323702152333333
"Nkayi","Average","Sep",0.303657056133333
"Tsholotsho","Average","Sep",0.291386641166667
"Umguza","Average","Sep",0.298062340866667
"Beitbridge","Average","Sep",0.244451376766667
"Bulilima (North)","Average","Sep",0.267807008433333
"Gwanda","Average","Sep",0.266201491333333
"Insiza","Average","Sep",0.2753334887
"Mangwe (South)","Average","Sep",0.2663523233
"Matobo","Average","Sep",0.275679328866667
"Umzingwane","Average","Sep",0.282715576733333
"Bikita","Average","Sep",0.2896961643
"Chiredzi","Average","Sep",0.296080684366667
"Chivi","Average","Sep",0.270382447033333
"Gutu","Average","Sep",0.271093071166667
"Masvingo","Average","Sep",0.303577108733333
"Mwenezi","Average","Sep",0.2901899213
"Zaka","Average","Sep",0.318654383366667
"Chegutu","Average","Sep",0.280047753033333
"Hurungwe","Average","Sep",0.3039945377
"Kadoma","Average","Sep",0.2907889937
"Kariba","Average","Sep",0.279387404033333
"Makonde","Average","Sep",0.300151665233333
"Zvimba","Average","Sep",0.2838087974
"Harare","Average","Oct",0.326770720064516
"Bulawayo","Average","Oct",0.263885687903226
"Buhera","Average","Oct",0.231989364548387
"Chimanimani","Average","Oct",0.461543842225806
"Chipinge","Average","Oct",0.337041446129032
"Makoni","Average","Oct",0.328702060516129
"Mutare","Average","Oct",0.312999187677419
"Mutasa","Average","Oct",0.457791046903226
"Nyanga","Average","Oct",0.404882435870968
"Bindura","Average","Oct",0.334551794225806
"Guruve","Average","Oct",0.298589865290323
"Mount Darwin","Average","Oct",0.286502872903226
"Mazowe","Average","Oct",0.340460338419355
"Centenary","Average","Oct",0.295874893032258
"Rushinga","Average","Oct",0.302825584903226
"Shamva","Average","Oct",0.331322748387097
"Chikomba","Average","Oct",0.302965315451613
"Goromonzi","Average","Oct",0.343128506741935
"Marondera","Average","Oct",0.333227191967742
"Mudzi","Average","Oct",0.299881572483871
"Mutoko","Average","Oct",0.323470119387097
"Murehwa","Average","Oct",0.336087480741936
"UMP","Average","Oct",0.309783530387097
"Seke","Average","Oct",0.305600267322581
"Wedza","Average","Oct",0.318567878322581
"Chirumhanzu","Average","Oct",0.306489971193548
"Gokwe North","Average","Oct",0.281533681096774
"Gokwe South","Average","Oct",0.302718088451613
"Gweru","Average","Oct",0.29570314
"Kwekwe","Average","Oct",0.31641277983871
"Mberengwa","Average","Oct",0.285265745612903
"Shurugwi","Average","Oct",0.303716895612903
"Zvishavane","Average","Oct",0.277115483451613
"Binga","Average","Oct",0.29546807683871
"Bubi","Average","Oct",0.30584546016129
"Hwange","Average","Oct",0.308318776967742
"Lupane","Average","Oct",0.348570513387097
"Nkayi","Average","Oct",0.324657742806452
"Tsholotsho","Average","Oct",0.297134618741935
"Umguza","Average","Oct",0.306458732193548
"Beitbridge","Average","Oct",0.238498323677419
"Bulilima (North)","Average","Oct",0.267558418677419
"Gwanda","Average","Oct",0.261650719580645
"Insiza","Average","Oct",0.278092464387097
"Mangwe (South)","Average","Oct",0.266912259129032
"Matobo","Average","Oct",0.276151953806452
"Umzingwane","Average","Oct",0.288236219935484
"Bikita","Average","Oct",0.284022958258065
"Chiredzi","Average","Oct",0.282003308580645
"Chivi","Average","Oct",0.264417852451613
"Gutu","Average","Oct",0.277010245870968
"Masvingo","Average","Oct",0.297860565645161
"Mwenezi","Average","Oct",0.286415044032258
"Zaka","Average","Oct",0.300955904290323
"Chegutu","Average","Oct",0.293559985870968
"Hurungwe","Average","Oct",0.305744700451613
"Kadoma","Average","Oct",0.299456419032258
"Kariba","Average","Oct",0.280142446709677
"Makonde","Average","Oct",0.315298129548387
"Zvimba","Average","Oct",0.302163722903226
"Harare","Average","Nov",0.367801471666667
"Bulawayo","Average","Nov",0.299513195633333
"Buhera","Average","Nov",0.2566142664
"Chimanimani","Average","Nov",0.521738087166667
"Chipinge","Average","Nov",0.393690583466667
"Makoni","Average","Nov",0.400229839333333
"Mutare","Average","Nov",0.3742813666
"Mutasa","Average","Nov",0.518202774433333
"Nyanga","Average","Nov",0.4757597502
"Bindura","Average","Nov",0.389035697833333
"Guruve","Average","Nov",0.303248909666667
"Mount Darwin","Average","Nov",0.308877261766667
"Mazowe","Average","Nov",0.3713656998
"Centenary","Average","Nov",0.313735252733333
"Rushinga","Average","Nov",0.3400161615
"Shamva","Average","Nov",0.3847415055
"Chikomba","Average","Nov",0.341814944866667
"Goromonzi","Average","Nov",0.405626016933333
"Marondera","Average","Nov",0.3904417904
"Mudzi","Average","Nov",0.3341732901
"Mutoko","Average","Nov",0.374574799833333
"Murehwa","Average","Nov",0.3971857918
"UMP","Average","Nov",0.349085514
"Seke","Average","Nov",0.356244518
"Wedza","Average","Nov",0.382867676233333
"Chirumhanzu","Average","Nov",0.341758897333333
"Gokwe North","Average","Nov",0.2968921629
"Gokwe South","Average","Nov",0.322611467233333
"Gweru","Average","Nov",0.341480464833333
"Kwekwe","Average","Nov",0.351667911466667
"Mberengwa","Average","Nov",0.325636418733333
"Shurugwi","Average","Nov",0.346632917666667
"Zvishavane","Average","Nov",0.310226022833333
"Binga","Average","Nov",0.3257609277
"Bubi","Average","Nov",0.343145358466667
"Hwange","Average","Nov",0.327261881533333
"Lupane","Average","Nov",0.3718473732
"Nkayi","Average","Nov",0.355816976466667
"Tsholotsho","Average","Nov",0.3150335772
"Umguza","Average","Nov",0.338996605633333
"Beitbridge","Average","Nov",0.2709193517
"Bulilima (North)","Average","Nov",0.2931890004
"Gwanda","Average","Nov",0.281306073666667
"Insiza","Average","Nov",0.317058456433333
"Mangwe (South)","Average","Nov",0.290782165566667
"Matobo","Average","Nov",0.3030317203
"Umzingwane","Average","Nov",0.3268699613
"Bikita","Average","Nov",0.3205289218
"Chiredzi","Average","Nov",0.3580693279
"Chivi","Average","Nov",0.2854402451
"Gutu","Average","Nov",0.315704663266667
"Masvingo","Average","Nov",0.339560712066667
"Mwenezi","Average","Nov",0.335966979733333
"Zaka","Average","Nov",0.3414898328
"Chegutu","Average","Nov",0.334759886033333
"Hurungwe","Average","Nov",0.321515627566667
"Kadoma","Average","Nov",0.330541416333333
"Kariba","Average","Nov",0.308915022066667
"Makonde","Average","Nov",0.338392819266667
"Zvimba","Average","Nov",0.3300448613
"Harare","Average","Dec",0.460665065096774
"Bulawayo","Average","Dec",0.445981693290323
"Buhera","Average","Dec",0.358760045580645
"Chimanimani","Average","Dec",0.638603259516129
"Chipinge","Average","Dec",0.547715560354839
"Makoni","Average","Dec",0.490486914709677
"Mutare","Average","Dec",0.491728856096774
"Mutasa","Average","Dec",0.609185173
"Nyanga","Average","Dec",0.554833606967742
"Bindura","Average","Dec",0.478055368258064
"Guruve","Average","Dec",0.370034061451613
"Mount Darwin","Average","Dec",0.385503718064516
"Mazowe","Average","Dec",0.469179038354839
"Centenary","Average","Dec",0.372936813258064
"Rushinga","Average","Dec",0.435581974225806
"Shamva","Average","Dec",0.456871860548387
"Chikomba","Average","Dec",0.457850952096774
"Goromonzi","Average","Dec",0.504608488903226
"Marondera","Average","Dec",0.507045178903226
"Mudzi","Average","Dec",0.429219267645161
"Mutoko","Average","Dec",0.437847279516129
"Murehwa","Average","Dec",0.467834092516129
"UMP","Average","Dec",0.434346002290323
"Seke","Average","Dec",0.488020967451613
"Wedza","Average","Dec",0.499879108064516
"Chirumhanzu","Average","Dec",0.452603771419355
"Gokwe North","Average","Dec",0.477291705225806
"Gokwe South","Average","Dec",0.465438218516129
"Gweru","Average","Dec",0.468601353612903
"Kwekwe","Average","Dec",0.492292726774194
"Mberengwa","Average","Dec",0.461296971677419
"Shurugwi","Average","Dec",0.449430763903226
"Zvishavane","Average","Dec",0.421868285645161
"Binga","Average","Dec",0.500610869709677
"Bubi","Average","Dec",0.521338308096774
"Hwange","Average","Dec",0.536753103548387
"Lupane","Average","Dec",0.512235271709677
"Nkayi","Average","Dec",0.511825145193548
"Tsholotsho","Average","Dec",0.477941925548387
"Umguza","Average","Dec",0.521142874612903
"Beitbridge","Average","Dec",0.415786529935484
"Bulilima (North)","Average","Dec",0.44913084083871
"Gwanda","Average","Dec",0.46356952716129
"Insiza","Average","Dec",0.460084043870968
"Mangwe (South)","Average","Dec",0.468173999451613
"Matobo","Average","Dec",0.464078925612903
"Umzingwane","Average","Dec",0.465364162451613
"Bikita","Average","Dec",0.491101943064516
"Chiredzi","Average","Dec",0.521195486354839
"Chivi","Average","Dec",0.388448687064516
"Gutu","Average","Dec",0.413755925903226
"Masvingo","Average","Dec",0.470440262806452
"Mwenezi","Average","Dec",0.50156163383871
"Zaka","Average","Dec",0.466871503709677
"Chegutu","Average","Dec",0.490946481419355
"Hurungwe","Average","Dec",0.46531913716129
"Kadoma","Average","Dec",0.494658737129032
"Kariba","Average","Dec",0.452654161903226
"Makonde","Average","Dec",0.480011399451613
"Zvimba","Average","Dec",0.480448346677419
"Harare","Max","Jan",0.636783586
"Bulawayo","Max","Jan",0.643026388
"Buhera","Max","Jan",0.470924878
"Chimanimani","Max","Jan",0.733876558
"Chipinge","Max","Jan",0.698836012
"Makoni","Max","Jan",0.641649178
"Mutare","Max","Jan",0.597542348
"Mutasa","Max","Jan",0.724523223
"Nyanga","Max","Jan",0.694270368
"Bindura","Max","Jan",0.738495577
"Guruve","Max","Jan",0.739724084
"Mount Darwin","Max","Jan",0.716202534
"Mazowe","Max","Jan",0.732527274
"Centenary","Max","Jan",0.728635551
"Rushinga","Max","Jan",0.75620294
"Shamva","Max","Jan",0.7453478
"Chikomba","Max","Jan",0.609082337
"Goromonzi","Max","Jan",0.68084532
"Marondera","Max","Jan",0.640413399
"Mudzi","Max","Jan",0.700305767
"Mutoko","Max","Jan",0.660452551
"Murehwa","Max","Jan",0.648337834
"UMP","Max","Jan",0.676697311
"Seke","Max","Jan",0.647818932
"Wedza","Max","Jan",0.635591875
"Chirumhanzu","Max","Jan",0.598476383
"Gokwe North","Max","Jan",0.703100521
"Gokwe South","Max","Jan",0.637789035
"Gweru","Max","Jan",0.622491954
"Kwekwe","Max","Jan",0.664112814
"Mberengwa","Max","Jan",0.627376336
"Shurugwi","Max","Jan",0.604950017
"Zvishavane","Max","Jan",0.601691596
"Binga","Max","Jan",0.680642254
"Bubi","Max","Jan",0.677524261
"Hwange","Max","Jan",0.691824877
"Lupane","Max","Jan",0.650705941
"Nkayi","Max","Jan",0.658360231
"Tsholotsho","Max","Jan",0.607308507
"Umguza","Max","Jan",0.695096949
"Beitbridge","Max","Jan",0.565541389
"Bulilima (North)","Max","Jan",0.551828456
"Gwanda","Max","Jan",0.632194232
"Insiza","Max","Jan",0.630628542
"Mangwe (South)","Max","Jan",0.585883016
"Matobo","Max","Jan",0.609030509
"Umzingwane","Max","Jan",0.645392468
"Bikita","Max","Jan",0.645394813
"Chiredzi","Max","Jan",0.656114452
"Chivi","Max","Jan",0.603260464
"Gutu","Max","Jan",0.536704263
"Masvingo","Max","Jan",0.63679096
"Mwenezi","Max","Jan",0.64932126
"Zaka","Max","Jan",0.632795592
"Chegutu","Max","Jan",0.65427646
"Hurungwe","Max","Jan",0.767566801
"Kadoma","Max","Jan",0.681365184
"Kariba","Max","Jan",0.644187243
"Makonde","Max","Jan",0.735200896
"Zvimba","Max","Jan",0.704353693
"Harare","Max","Feb",0.605210702
"Bulawayo","Max","Feb",0.566191859
"Buhera","Max","Feb",0.471068259
"Chimanimani","Max","Feb",0.726623542
"Chipinge","Max","Feb",0.69245005
"Makoni","Max","Feb",0.625878655
"Mutare","Max","Feb",0.595094391
"Mutasa","Max","Feb",0.720375441
"Nyanga","Max","Feb",0.676443787
"Bindura","Max","Feb",0.736715613
"Guruve","Max","Feb",0.716153405
"Mount Darwin","Max","Feb",0.717446163
"Mazowe","Max","Feb",0.725080617
"Centenary","Max","Feb",0.685004314
"Rushinga","Max","Feb",0.744006838
"Shamva","Max","Feb",0.7450452
"Chikomba","Max","Feb",0.587714524
"Goromonzi","Max","Feb",0.661174343
"Marondera","Max","Feb",0.614138861
"Mudzi","Max","Feb",0.663850772
"Mutoko","Max","Feb",0.634018183
"Murehwa","Max","Feb",0.628712508
"UMP","Max","Feb",0.671880896
"Seke","Max","Feb",0.608759117
"Wedza","Max","Feb",0.626369835
"Chirumhanzu","Max","Feb",0.575474149
"Gokwe North","Max","Feb",0.689946645
"Gokwe South","Max","Feb",0.625010952
"Gweru","Max","Feb",0.591993266
"Kwekwe","Max","Feb",0.640513342
"Mberengwa","Max","Feb",0.602872333
"Shurugwi","Max","Feb",0.582175285
"Zvishavane","Max","Feb",0.5848639
"Binga","Max","Feb",0.664680891
"Bubi","Max","Feb",0.627548521
"Hwange","Max","Feb",0.679669104
"Lupane","Max","Feb",0.623622276
"Nkayi","Max","Feb",0.629334694
"Tsholotsho","Max","Feb",0.577872928
"Umguza","Max","Feb",0.64128075
"Beitbridge","Max","Feb",0.571133447
"Bulilima (North)","Max","Feb",0.506495335
"Gwanda","Max","Feb",0.614898205
"Insiza","Max","Feb",0.590949221
"Mangwe (South)","Max","Feb",0.550993983
"Matobo","Max","Feb",0.573048968
"Umzingwane","Max","Feb",0.603611506
"Bikita","Max","Feb",0.632273453
"Chiredzi","Max","Feb",0.652637558
"Chivi","Max","Feb",0.56325622
"Gutu","Max","Feb",0.53515885
"Masvingo","Max","Feb",0.626042764
"Mwenezi","Max","Feb",0.653923693
"Zaka","Max","Feb",0.63087631
"Chegutu","Max","Feb",0.650056315
"Hurungwe","Max","Feb",0.753865424
"Kadoma","Max","Feb",0.676933486
"Kariba","Max","Feb",0.609771756
"Makonde","Max","Feb",0.731556053
"Zvimba","Max","Feb",0.701698649
"Harare","Max","Mar",0.595898667
"Bulawayo","Max","Mar",0.528312367
"Buhera","Max","Mar",0.406324415
"Chimanimani","Max","Mar",0.690472135
"Chipinge","Max","Mar",0.605891398
"Makoni","Max","Mar",0.592494698
"Mutare","Max","Mar",0.558454555
"Mutasa","Max","Mar",0.701037262
"Nyanga","Max","Mar",0.654384954
"Bindura","Max","Mar",0.721425407
"Guruve","Max","Mar",0.692179556
"Mount Darwin","Max","Mar",0.679925886
"Mazowe","Max","Mar",0.718846468
"Centenary","Max","Mar",0.651126004
"Rushinga","Max","Mar",0.700957026
"Shamva","Max","Mar",0.721465652
"Chikomba","Max","Mar",0.556267357
"Goromonzi","Max","Mar",0.654876298
"Marondera","Max","Mar",0.582387404
"Mudzi","Max","Mar",0.610683116
"Mutoko","Max","Mar",0.618928683
"Murehwa","Max","Mar",0.633874642
"UMP","Max","Mar",0.649881463
"Seke","Max","Mar",0.569705239
"Wedza","Max","Mar",0.583972859
"Chirumhanzu","Max","Mar",0.541371466
"Gokwe North","Max","Mar",0.67862289
"Gokwe South","Max","Mar",0.61242078
"Gweru","Max","Mar",0.565318841
"Kwekwe","Max","Mar",0.609933088
"Mberengwa","Max","Mar",0.535723637
"Shurugwi","Max","Mar",0.534696349
"Zvishavane","Max","Mar",0.53944647
"Binga","Max","Mar",0.644344368
"Bubi","Max","Mar",0.611126117
"Hwange","Max","Mar",0.65144125
"Lupane","Max","Mar",0.607683381
"Nkayi","Max","Mar",0.614246179
"Tsholotsho","Max","Mar",0.561781261
"Umguza","Max","Mar",0.612885741
"Beitbridge","Max","Mar",0.453286748
"Bulilima (North)","Max","Mar",0.492966934
"Gwanda","Max","Mar",0.520322248
"Insiza","Max","Mar",0.544214028
"Mangwe (South)","Max","Mar",0.482859688
"Matobo","Max","Mar",0.522546731
"Umzingwane","Max","Mar",0.565480116
"Bikita","Max","Mar",0.535751144
"Chiredzi","Max","Mar",0.582920841
"Chivi","Max","Mar",0.496495732
"Gutu","Max","Mar",0.485817509
"Masvingo","Max","Mar",0.563510197
"Mwenezi","Max","Mar",0.592103753
"Zaka","Max","Mar",0.573748026
"Chegutu","Max","Mar",0.613268271
"Hurungwe","Max","Mar",0.712334965
"Kadoma","Max","Mar",0.64099886
"Kariba","Max","Mar",0.613404558
"Makonde","Max","Mar",0.722878014
"Zvimba","Max","Mar",0.681857928
"Harare","Max","Apr",0.553861059
"Bulawayo","Max","Apr",0.489793709
"Buhera","Max","Apr",0.360830026
"Chimanimani","Max","Apr",0.665404199
"Chipinge","Max","Apr",0.552236421
"Makoni","Max","Apr",0.570742007
"Mutare","Max","Apr",0.531467967
"Mutasa","Max","Apr",0.68627045
"Nyanga","Max","Apr",0.636061736
"Bindura","Max","Apr",0.683031758
"Guruve","Max","Apr",0.665280269
"Mount Darwin","Max","Apr",0.659601442
"Mazowe","Max","Apr",0.677943005
"Centenary","Max","Apr",0.64830963
"Rushinga","Max","Apr",0.678839819
"Shamva","Max","Apr",0.681852536
"Chikomba","Max","Apr",0.528742414
"Goromonzi","Max","Apr",0.627861976
"Marondera","Max","Apr",0.567575059
"Mudzi","Max","Apr",0.600228684
"Mutoko","Max","Apr",0.578762504
"Murehwa","Max","Apr",0.599455999
"UMP","Max","Apr",0.609458464
"Seke","Max","Apr",0.543066926
"Wedza","Max","Apr",0.556666081
"Chirumhanzu","Max","Apr",0.522009669
"Gokwe North","Max","Apr",0.636667332
"Gokwe South","Max","Apr",0.579031726
"Gweru","Max","Apr",0.549461857
"Kwekwe","Max","Apr",0.579499061
"Mberengwa","Max","Apr",0.514055934
"Shurugwi","Max","Apr",0.521974458
"Zvishavane","Max","Apr",0.499940959
"Binga","Max","Apr",0.596535844
"Bubi","Max","Apr",0.571397227
"Hwange","Max","Apr",0.586354266
"Lupane","Max","Apr",0.588955745
"Nkayi","Max","Apr",0.586132125
"Tsholotsho","Max","Apr",0.533057972
"Umguza","Max","Apr",0.579935423
"Beitbridge","Max","Apr",0.398951393
"Bulilima (North)","Max","Apr",0.475780781
"Gwanda","Max","Apr",0.469567372
"Insiza","Max","Apr",0.517071622
"Mangwe (South)","Max","Apr",0.483790094
"Matobo","Max","Apr",0.488121507
"Umzingwane","Max","Apr",0.523548866
"Bikita","Max","Apr",0.500934858
"Chiredzi","Max","Apr",0.501665504
"Chivi","Max","Apr",0.443341172
"Gutu","Max","Apr",0.45713907
"Masvingo","Max","Apr",0.531521939
"Mwenezi","Max","Apr",0.500275205
"Zaka","Max","Apr",0.546911694
"Chegutu","Max","Apr",0.582257523
"Hurungwe","Max","Apr",0.669799242
"Kadoma","Max","Apr",0.608154432
"Kariba","Max","Apr",0.497758478
"Makonde","Max","Apr",0.681256959
"Zvimba","Max","Apr",0.646228106
"Harare","Max","May",0.484601232
"Bulawayo","Max","May",0.474279594
"Buhera","Max","May",0.340712124
"Chimanimani","Max","May",0.656917858
"Chipinge","Max","May",0.549260431
"Makoni","Max","May",0.516648875
"Mutare","Max","May",0.51376522
"Mutasa","Max","May",0.678372824
"Nyanga","Max","May",0.585048234
"Bindura","Max","May",0.589220643
"Guruve","Max","May",0.547135571
"Mount Darwin","Max","May",0.525318972
"Mazowe","Max","May",0.558304418
"Centenary","Max","May",0.532014572
"Rushinga","Max","May",0.552929603
"Shamva","Max","May",0.594006457
"Chikomba","Max","May",0.474795843
"Goromonzi","Max","May",0.540944777
"Marondera","Max","May",0.510286215
"Mudzi","Max","May",0.500345026
"Mutoko","Max","May",0.493779377
"Murehwa","Max","May",0.52894934
"UMP","Max","May",0.509920778
"Seke","Max","May",0.464539267
"Wedza","Max","May",0.516852984
"Chirumhanzu","Max","May",0.465013818
"Gokwe North","Max","May",0.519706773
"Gokwe South","Max","May",0.495424632
"Gweru","Max","May",0.504866527
"Kwekwe","Max","May",0.508776862
"Mberengwa","Max","May",0.496663503
"Shurugwi","Max","May",0.496536497
"Zvishavane","Max","May",0.46654598
"Binga","Max","May",0.481968121
"Bubi","Max","May",0.541695173
"Hwange","Max","May",0.502221442
"Lupane","Max","May",0.535931975
"Nkayi","Max","May",0.523889935
"Tsholotsho","Max","May",0.500266003
"Umguza","Max","May",0.556733443
"Beitbridge","Max","May",0.368609745
"Bulilima (North)","Max","May",0.46435804
"Gwanda","Max","May",0.423110144
"Insiza","Max","May",0.481603827
"Mangwe (South)","Max","May",0.474513743
"Matobo","Max","May",0.452569498
"Umzingwane","Max","May",0.502331028
"Bikita","Max","May",0.488374859
"Chiredzi","Max","May",0.498796946
"Chivi","Max","May",0.427908345
"Gutu","Max","May",0.427850532
"Masvingo","Max","May",0.511980313
"Mwenezi","Max","May",0.474963437
"Zaka","Max","May",0.535141052
"Chegutu","Max","May",0.490970535
"Hurungwe","Max","May",0.548689287
"Kadoma","Max","May",0.517254187
"Kariba","Max","May",0.385595355
"Makonde","Max","May",0.583338177
"Zvimba","Max","May",0.530892073
"Harare","Max","Jun",0.435330644
"Bulawayo","Max","Jun",0.418645234
"Buhera","Max","Jun",0.313140036
"Chimanimani","Max","Jun",0.600270342
"Chipinge","Max","Jun",0.479226959
"Makoni","Max","Jun",0.441157551
"Mutare","Max","Jun",0.439752927
"Mutasa","Max","Jun",0.618017498
"Nyanga","Max","Jun",0.518027424
"Bindura","Max","Jun",0.505902789
"Guruve","Max","Jun",0.464180993
"Mount Darwin","Max","Jun",0.449602044
"Mazowe","Max","Jun",0.473543986
"Centenary","Max","Jun",0.458314404
"Rushinga","Max","Jun",0.456163401
"Shamva","Max","Jun",0.528952416
"Chikomba","Max","Jun",0.409469143
"Goromonzi","Max","Jun",0.476472384
"Marondera","Max","Jun",0.447158253
"Mudzi","Max","Jun",0.408321637
"Mutoko","Max","Jun",0.431727439
"Murehwa","Max","Jun",0.466782771
"UMP","Max","Jun",0.445266375
"Seke","Max","Jun",0.406792
"Wedza","Max","Jun",0.439113501
"Chirumhanzu","Max","Jun",0.415116683
"Gokwe North","Max","Jun",0.449726825
"Gokwe South","Max","Jun",0.447202192
"Gweru","Max","Jun",0.432588923
"Kwekwe","Max","Jun",0.469427743
"Mberengwa","Max","Jun",0.423993505
"Shurugwi","Max","Jun",0.436523896
"Zvishavane","Max","Jun",0.405474036
"Binga","Max","Jun",0.411395516
"Bubi","Max","Jun",0.478844489
"Hwange","Max","Jun",0.433588371
"Lupane","Max","Jun",0.486564252
"Nkayi","Max","Jun",0.483764417
"Tsholotsho","Max","Jun",0.444772255
"Umguza","Max","Jun",0.497192222
"Beitbridge","Max","Jun",0.336253752
"Bulilima (North)","Max","Jun",0.417875857
"Gwanda","Max","Jun",0.368964874
"Insiza","Max","Jun",0.419294588
"Mangwe (South)","Max","Jun",0.408644548
"Matobo","Max","Jun",0.393676271
"Umzingwane","Max","Jun",0.442817919
"Bikita","Max","Jun",0.408415071
"Chiredzi","Max","Jun",0.44779842
"Chivi","Max","Jun",0.370461543
"Gutu","Max","Jun",0.374473972
"Masvingo","Max","Jun",0.433293287
"Mwenezi","Max","Jun",0.413388723
"Zaka","Max","Jun",0.437691554
"Chegutu","Max","Jun",0.440183648
"Hurungwe","Max","Jun",0.45882362
"Kadoma","Max","Jun",0.452304501
"Kariba","Max","Jun",0.34997767
"Makonde","Max","Jun",0.50195628
"Zvimba","Max","Jun",0.455606746
"Harare","Max","Jul",0.352474634
"Bulawayo","Max","Jul",0.325751976
"Buhera","Max","Jul",0.282366805
"Chimanimani","Max","Jul",0.539244795
"Chipinge","Max","Jul",0.420112593
"Makoni","Max","Jul",0.371078857
"Mutare","Max","Jul",0.380039261
"Mutasa","Max","Jul",0.549602442
"Nyanga","Max","Jul",0.451047758
"Bindura","Max","Jul",0.415162108
"Guruve","Max","Jul",0.396501598
"Mount Darwin","Max","Jul",0.372367368
"Mazowe","Max","Jul",0.392202427
"Centenary","Max","Jul",0.39133664
"Rushinga","Max","Jul",0.374565306
"Shamva","Max","Jul",0.436415562
"Chikomba","Max","Jul",0.338914936
"Goromonzi","Max","Jul",0.386741145
"Marondera","Max","Jul",0.369063969
"Mudzi","Max","Jul",0.349638646
"Mutoko","Max","Jul",0.36910476
"Murehwa","Max","Jul",0.384268759
"UMP","Max","Jul",0.375921344
"Seke","Max","Jul",0.334868794
"Wedza","Max","Jul",0.366596493
"Chirumhanzu","Max","Jul",0.347117248
"Gokwe North","Max","Jul",0.362960358
"Gokwe South","Max","Jul",0.373824209
"Gweru","Max","Jul",0.350267575
"Kwekwe","Max","Jul",0.373661771
"Mberengwa","Max","Jul",0.360030331
"Shurugwi","Max","Jul",0.359633504
"Zvishavane","Max","Jul",0.346848682
"Binga","Max","Jul",0.345829107
"Bubi","Max","Jul",0.370858939
"Hwange","Max","Jul",0.357394277
"Lupane","Max","Jul",0.400914964
"Nkayi","Max","Jul",0.386828492
"Tsholotsho","Max","Jul",0.361204863
"Umguza","Max","Jul",0.380781143
"Beitbridge","Max","Jul",0.300381013
"Bulilima (North)","Max","Jul",0.343417005
"Gwanda","Max","Jul",0.321398787
"Insiza","Max","Jul",0.340173728
"Mangwe (South)","Max","Jul",0.334238574
"Matobo","Max","Jul",0.336264484
"Umzingwane","Max","Jul",0.361470043
"Bikita","Max","Jul",0.353983365
"Chiredzi","Max","Jul",0.387543611
"Chivi","Max","Jul",0.32546429
"Gutu","Max","Jul",0.321025101
"Masvingo","Max","Jul",0.365763223
"Mwenezi","Max","Jul",0.358851447
"Zaka","Max","Jul",0.373178585
"Chegutu","Max","Jul",0.353629344
"Hurungwe","Max","Jul",0.391276843
"Kadoma","Max","Jul",0.361586736
"Kariba","Max","Jul",0.259357815
"Makonde","Max","Jul",0.408639965
"Zvimba","Max","Jul",0.36733177
"Harare","Max","Aug",0.311325942
"Bulawayo","Max","Aug",0.277378208
"Buhera","Max","Aug",0.252174498
"Chimanimani","Max","Aug",0.490504808
"Chipinge","Max","Aug",0.391792126
"Makoni","Max","Aug",0.326160369
"Mutare","Max","Aug",0.332553935
"Mutasa","Max","Aug",0.485280153
"Nyanga","Max","Aug",0.399816197
"Bindura","Max","Aug",0.370278874
"Guruve","Max","Aug",0.355334281
"Mount Darwin","Max","Aug",0.335003559
"Mazowe","Max","Aug",0.348912971
"Centenary","Max","Aug",0.350183652
"Rushinga","Max","Aug",0.340497342
"Shamva","Max","Aug",0.38160231
"Chikomba","Max","Aug",0.304669184
"Goromonzi","Max","Aug",0.346141284
"Marondera","Max","Aug",0.326168513
"Mudzi","Max","Aug",0.319544782
"Mutoko","Max","Aug",0.330656325
"Murehwa","Max","Aug",0.342283535
"UMP","Max","Aug",0.339732609
"Seke","Max","Aug",0.300670094
"Wedza","Max","Aug",0.32656603
"Chirumhanzu","Max","Aug",0.314029323
"Gokwe North","Max","Aug",0.318958985
"Gokwe South","Max","Aug",0.33169363
"Gweru","Max","Aug",0.311871939
"Kwekwe","Max","Aug",0.326954583
"Mberengwa","Max","Aug",0.327336995
"Shurugwi","Max","Aug",0.318447481
"Zvishavane","Max","Aug",0.309188949
"Binga","Max","Aug",0.302170889
"Bubi","Max","Aug",0.319840237
"Hwange","Max","Aug",0.323526614
"Lupane","Max","Aug",0.352442639
"Nkayi","Max","Aug",0.333541737
"Tsholotsho","Max","Aug",0.319374223
"Umguza","Max","Aug",0.323004496
"Beitbridge","Max","Aug",0.273784012
"Bulilima (North)","Max","Aug",0.299498755
"Gwanda","Max","Aug",0.29519696
"Insiza","Max","Aug",0.299332169
"Mangwe (South)","Max","Aug",0.292447862
"Matobo","Max","Aug",0.302102608
"Umzingwane","Max","Aug",0.315486515
"Bikita","Max","Aug",0.330696343
"Chiredzi","Max","Aug",0.352386432
"Chivi","Max","Aug",0.305901198
"Gutu","Max","Aug",0.288498363
"Masvingo","Max","Aug",0.339801415
"Mwenezi","Max","Aug",0.3302186
"Zaka","Max","Aug",0.359947594
"Chegutu","Max","Aug",0.312485622
"Hurungwe","Max","Aug",0.351907083
"Kadoma","Max","Aug",0.320714285
"Kariba","Max","Aug",0.296130536
"Makonde","Max","Aug",0.354839354
"Zvimba","Max","Aug",0.320490114
"Harare","Max","Sep",0.309113724
"Bulawayo","Max","Sep",0.258536278
"Buhera","Max","Sep",0.238932214
"Chimanimani","Max","Sep",0.458431473
"Chipinge","Max","Sep",0.359134689
"Makoni","Max","Sep",0.302427941
"Mutare","Max","Sep",0.306004961
"Mutasa","Max","Sep",0.440091518
"Nyanga","Max","Sep",0.366200704
"Bindura","Max","Sep",0.326947571
"Guruve","Max","Sep",0.311600206
"Mount Darwin","Max","Sep",0.297973911
"Mazowe","Max","Sep",0.322557621
"Centenary","Max","Sep",0.307044818
"Rushinga","Max","Sep",0.307120599
"Shamva","Max","Sep",0.331280715
"Chikomba","Max","Sep",0.294090464
"Goromonzi","Max","Sep",0.323254202
"Marondera","Max","Sep",0.313119385
"Mudzi","Max","Sep",0.293264124
"Mutoko","Max","Sep",0.297820139
"Murehwa","Max","Sep",0.310645718
"UMP","Max","Sep",0.303590529
"Seke","Max","Sep",0.288924499
"Wedza","Max","Sep",0.300449664
"Chirumhanzu","Max","Sep",0.301466712
"Gokwe North","Max","Sep",0.288810774
"Gokwe South","Max","Sep",0.303675848
"Gweru","Max","Sep",0.289818366
"Kwekwe","Max","Sep",0.303541356
"Mberengwa","Max","Sep",0.293733381
"Shurugwi","Max","Sep",0.30077887
"Zvishavane","Max","Sep",0.282466573
"Binga","Max","Sep",0.306754826
"Bubi","Max","Sep",0.300798209
"Hwange","Max","Sep",0.30406598
"Lupane","Max","Sep",0.329848931
"Nkayi","Max","Sep",0.308997038
"Tsholotsho","Max","Sep",0.297764157
"Umguza","Max","Sep",0.304468104
"Beitbridge","Max","Sep",0.251307161
"Bulilima (North)","Max","Sep",0.274489596
"Gwanda","Max","Sep",0.273180496
"Insiza","Max","Sep",0.277182929
"Mangwe (South)","Max","Sep",0.273259658
"Matobo","Max","Sep",0.283286902
"Umzingwane","Max","Sep",0.288680576
"Bikita","Max","Sep",0.299054809
"Chiredzi","Max","Sep",0.311415589
"Chivi","Max","Sep",0.279427621
"Gutu","Max","Sep",0.276158822
"Masvingo","Max","Sep",0.312296567
"Mwenezi","Max","Sep",0.300252904
"Zaka","Max","Sep",0.336368671
"Chegutu","Max","Sep",0.282089797
"Hurungwe","Max","Sep",0.31214598
"Kadoma","Max","Sep",0.293959443
"Kariba","Max","Sep",0.31664452
"Makonde","Max","Sep",0.309216295
"Zvimba","Max","Sep",0.287499726
"Harare","Max","Oct",0.339352263
"Bulawayo","Max","Oct",0.278654898
"Buhera","Max","Oct",0.235554597
"Chimanimani","Max","Oct",0.474090849
"Chipinge","Max","Oct",0.340273539
"Makoni","Max","Oct",0.358069737
"Mutare","Max","Oct",0.32555926
"Mutasa","Max","Oct",0.478356042
"Nyanga","Max","Oct",0.43952327
"Bindura","Max","Oct",0.352921885
"Guruve","Max","Oct",0.302232484
"Mount Darwin","Max","Oct",0.289928709
"Mazowe","Max","Oct",0.355992377
"Centenary","Max","Oct",0.301163158
"Rushinga","Max","Oct",0.312473915
"Shamva","Max","Oct",0.352354402
"Chikomba","Max","Oct",0.318442399
"Goromonzi","Max","Oct",0.361697128
"Marondera","Max","Oct",0.354920315
"Mudzi","Max","Oct",0.317695523
"Mutoko","Max","Oct",0.353826866
"Murehwa","Max","Oct",0.360502083
"UMP","Max","Oct",0.326034288
"Seke","Max","Oct",0.321894449
"Wedza","Max","Oct",0.340277395
"Chirumhanzu","Max","Oct",0.316051287
"Gokwe North","Max","Oct",0.28562356
"Gokwe South","Max","Oct",0.313501888
"Gweru","Max","Oct",0.314719599
"Kwekwe","Max","Oct",0.331277825
"Mberengwa","Max","Oct",0.299130818
"Shurugwi","Max","Oct",0.31507493
"Zvishavane","Max","Oct",0.286403845
"Binga","Max","Oct",0.308577069
"Bubi","Max","Oct",0.324701111
"Hwange","Max","Oct",0.316017976
"Lupane","Max","Oct",0.369840155
"Nkayi","Max","Oct",0.340902349
"Tsholotsho","Max","Oct",0.305045199
"Umguza","Max","Oct",0.326994509
"Beitbridge","Max","Oct",0.246846406
"Bulilima (North)","Max","Oct",0.274460155
"Gwanda","Max","Oct",0.264629263
"Insiza","Max","Oct",0.29242428
"Mangwe (South)","Max","Oct",0.273985671
"Matobo","Max","Oct",0.28643766
"Umzingwane","Max","Oct",0.302918698
"Bikita","Max","Oct",0.288273909
"Chiredzi","Max","Oct",0.28533291
"Chivi","Max","Oct",0.269136967
"Gutu","Max","Oct",0.284688725
"Masvingo","Max","Oct",0.302110246
"Mwenezi","Max","Oct",0.292232817
"Zaka","Max","Oct",0.307777773
"Chegutu","Max","Oct",0.303975301
"Hurungwe","Max","Oct",0.310091877
"Kadoma","Max","Oct",0.307967862
"Kariba","Max","Oct",0.310772425
"Makonde","Max","Oct",0.327053244
"Zvimba","Max","Oct",0.315077686
"Harare","Max","Nov",0.406157724
"Bulawayo","Max","Nov",0.376066995
"Buhera","Max","Nov",0.302844393
"Chimanimani","Max","Nov",0.589904037
"Chipinge","Max","Nov",0.473073949
"Makoni","Max","Nov",0.453990427
"Mutare","Max","Nov",0.442751545
"Mutasa","Max","Nov",0.569055392
"Nyanga","Max","Nov",0.525533056
"Bindura","Max","Nov",0.413028183
"Guruve","Max","Nov",0.320113824
"Mount Darwin","Max","Nov",0.329437654
"Mazowe","Max","Nov",0.391405461
"Centenary","Max","Nov",0.332734012
"Rushinga","Max","Nov",0.392668372
"Shamva","Max","Nov",0.396830795
"Chikomba","Max","Nov",0.405539477
"Goromonzi","Max","Nov",0.445956421
"Marondera","Max","Nov",0.458689828
"Mudzi","Max","Nov",0.384126067
"Mutoko","Max","Nov",0.39801635
"Murehwa","Max","Nov",0.419900695
"UMP","Max","Nov",0.383210309
"Seke","Max","Nov",0.426738758
"Wedza","Max","Nov",0.452645701
"Chirumhanzu","Max","Nov",0.403489883
"Gokwe North","Max","Nov",0.381287437
"Gokwe South","Max","Nov",0.382023842
"Gweru","Max","Nov",0.400096605
"Kwekwe","Max","Nov",0.419228298
"Mberengwa","Max","Nov",0.379446769
"Shurugwi","Max","Nov",0.395184971
"Zvishavane","Max","Nov",0.353499823
"Binga","Max","Nov",0.399731892
"Bubi","Max","Nov",0.430041522
"Hwange","Max","Nov",0.4205841
"Lupane","Max","Nov",0.447751009
"Nkayi","Max","Nov",0.449169012
"Tsholotsho","Max","Nov",0.402081838
"Umguza","Max","Nov",0.430053342
"Beitbridge","Max","Nov",0.339315635
"Bulilima (North)","Max","Nov",0.37898613
"Gwanda","Max","Nov",0.363200576
"Insiza","Max","Nov",0.374884762
"Mangwe (South)","Max","Nov",0.390884892
"Matobo","Max","Nov",0.395982574
"Umzingwane","Max","Nov",0.40297247
"Bikita","Max","Nov",0.390802934
"Chiredzi","Max","Nov",0.467203051
"Chivi","Max","Nov",0.328859204
"Gutu","Max","Nov",0.369273948
"Masvingo","Max","Nov",0.41055366
"Mwenezi","Max","Nov",0.425207293
"Zaka","Max","Nov",0.406102776
"Chegutu","Max","Nov",0.405621402
"Hurungwe","Max","Nov",0.384040555
"Kadoma","Max","Nov",0.40693711
"Kariba","Max","Nov",0.375235659
"Makonde","Max","Nov",0.396789969
"Zvimba","Max","Nov",0.379480731
"Harare","Max","Dec",0.530731405
"Bulawayo","Max","Dec",0.514879112
"Buhera","Max","Dec",0.410430514
"Chimanimani","Max","Dec",0.681794428
"Chipinge","Max","Dec",0.59399333
"Makoni","Max","Dec",0.542601244
"Mutare","Max","Dec",0.53712405
"Mutasa","Max","Dec",0.65894285
"Nyanga","Max","Dec",0.603926631
"Bindura","Max","Dec",0.604175552
"Guruve","Max","Dec",0.474078013
"Mount Darwin","Max","Dec",0.520872047
"Mazowe","Max","Dec",0.586612546
"Centenary","Max","Dec",0.486931379
"Rushinga","Max","Dec",0.51876799
"Shamva","Max","Dec",0.589514685
"Chikomba","Max","Dec",0.517295678
"Goromonzi","Max","Dec",0.583505577
"Marondera","Max","Dec",0.557197664
"Mudzi","Max","Dec",0.507084942
"Mutoko","Max","Dec",0.513507216
"Murehwa","Max","Dec",0.542015735
"UMP","Max","Dec",0.525229324
"Seke","Max","Dec",0.550547959
"Wedza","Max","Dec",0.550720121
"Chirumhanzu","Max","Dec",0.510617437
"Gokwe North","Max","Dec",0.549798021
"Gokwe South","Max","Dec",0.52008165
"Gweru","Max","Dec",0.52899726
"Kwekwe","Max","Dec",0.556001414
"Mberengwa","Max","Dec",0.533959122
"Shurugwi","Max","Dec",0.510912929
"Zvishavane","Max","Dec",0.508620819
"Binga","Max","Dec",0.567657407
"Bubi","Max","Dec",0.591595248
"Hwange","Max","Dec",0.606606855
"Lupane","Max","Dec",0.555389028
"Nkayi","Max","Dec",0.555220846
"Tsholotsho","Max","Dec",0.523252418
"Umguza","Max","Dec",0.586902216
"Beitbridge","Max","Dec",0.459677569
"Bulilima (North)","Max","Dec",0.483763726
"Gwanda","Max","Dec",0.535731368
"Insiza","Max","Dec",0.548319991
"Mangwe (South)","Max","Dec",0.511923593
"Matobo","Max","Dec",0.50399456
"Umzingwane","Max","Dec",0.522001779
"Bikita","Max","Dec",0.569439129
"Chiredzi","Max","Dec",0.550106485
"Chivi","Max","Dec",0.463217487
"Gutu","Max","Dec",0.458390116
"Masvingo","Max","Dec",0.542970524
"Mwenezi","Max","Dec",0.568343464
"Zaka","Max","Dec",0.528781863
"Chegutu","Max","Dec",0.573057098
"Hurungwe","Max","Dec",0.567985149
"Kadoma","Max","Dec",0.573422065
"Kariba","Max","Dec",0.507766605
"Makonde","Max","Dec",0.57779155
"Zvimba","Max","Dec",0.581948936
"Harare","Min","Jan",0.568969949
"Bulawayo","Min","Jan",0.5376156
"Buhera","Min","Jan",0.393181596
"Chimanimani","Min","Jan",0.687038851
"Chipinge","Min","Jan",0.601768196
"Makoni","Min","Jan",0.568138774
"Mutare","Min","Jan",0.530862641
"Mutasa","Min","Jan",0.654912568
"Nyanga","Min","Jan",0.632026929
"Bindura","Min","Jan",0.658028479
"Guruve","Min","Jan",0.64061225
"Mount Darwin","Min","Jan",0.650834924
"Mazowe","Min","Jan",0.650729966
"Centenary","Min","Jan",0.638981552
"Rushinga","Min","Jan",0.691846026
"Shamva","Min","Jan",0.654005947
"Chikomba","Min","Jan",0.555353876
"Goromonzi","Min","Jan",0.618964382
"Marondera","Min","Jan",0.588709846
"Mudzi","Min","Jan",0.615165478
"Mutoko","Min","Jan",0.57518639
"Murehwa","Min","Jan",0.568980734
"UMP","Min","Jan",0.606733708
"Seke","Min","Jan",0.599502985
"Wedza","Min","Jan",0.57886444
"Chirumhanzu","Min","Jan",0.545709033
"Gokwe North","Min","Jan",0.617037014
"Gokwe South","Min","Jan",0.571427347
"Gweru","Min","Jan",0.563185086
"Kwekwe","Min","Jan",0.609527549
"Mberengwa","Min","Jan",0.515885881
"Shurugwi","Min","Jan",0.546551036
"Zvishavane","Min","Jan",0.484440197
"Binga","Min","Jan",0.617813842
"Bubi","Min","Jan",0.607532268
"Hwange","Min","Jan",0.636181397
"Lupane","Min","Jan",0.614372828
"Nkayi","Min","Jan",0.605086718
"Tsholotsho","Min","Jan",0.54354865
"Umguza","Min","Jan",0.621099502
"Beitbridge","Min","Jan",0.396876069
"Bulilima (North)","Min","Jan",0.462453508
"Gwanda","Min","Jan",0.491629629
"Insiza","Min","Jan",0.558404113
"Mangwe (South)","Min","Jan",0.496164442
"Matobo","Min","Jan",0.498642155
"Umzingwane","Min","Jan",0.559002453
"Bikita","Min","Jan",0.517150201
"Chiredzi","Min","Jan",0.543088707
"Chivi","Min","Jan",0.469603712
"Gutu","Min","Jan",0.479851461
"Masvingo","Min","Jan",0.550800221
"Mwenezi","Min","Jan",0.504336341
"Zaka","Min","Jan",0.530525739
"Chegutu","Min","Jan",0.5880874
"Hurungwe","Min","Jan",0.692917754
"Kadoma","Min","Jan",0.63498195
"Kariba","Min","Jan",0.541950341
"Makonde","Min","Jan",0.660295887
"Zvimba","Min","Jan",0.64844242
"Harare","Min","Feb",0.585167051
"Bulawayo","Min","Feb",0.524430155
"Buhera","Min","Feb",0.405898789
"Chimanimani","Min","Feb",0.691717614
"Chipinge","Min","Feb",0.61015507
"Makoni","Min","Feb",0.580209961
"Mutare","Min","Feb",0.560158254
"Mutasa","Min","Feb",0.698603329
"Nyanga","Min","Feb",0.633510482
"Bindura","Min","Feb",0.713364105
"Guruve","Min","Feb",0.674723122
"Mount Darwin","Min","Feb",0.677740003
"Mazowe","Min","Feb",0.699170906
"Centenary","Min","Feb",0.640223577
"Rushinga","Min","Feb",0.684846585
"Shamva","Min","Feb",0.706957034
"Chikomba","Min","Feb",0.549867522
"Goromonzi","Min","Feb",0.638565103
"Marondera","Min","Feb",0.56727456
"Mudzi","Min","Feb",0.59946003
"Mutoko","Min","Feb",0.603215241
"Murehwa","Min","Feb",0.603619455
"UMP","Min","Feb",0.635073293
"Seke","Min","Feb",0.560368641
"Wedza","Min","Feb",0.576469737
"Chirumhanzu","Min","Feb",0.534431931
"Gokwe North","Min","Feb",0.634294382
"Gokwe South","Min","Feb",0.567760004
"Gweru","Min","Feb",0.556555597
"Kwekwe","Min","Feb",0.592170393
"Mberengwa","Min","Feb",0.536675962
"Shurugwi","Min","Feb",0.53339769
"Zvishavane","Min","Feb",0.540931403
"Binga","Min","Feb",0.613130205
"Bubi","Min","Feb",0.594575018
"Hwange","Min","Feb",0.625852556
"Lupane","Min","Feb",0.583875665
"Nkayi","Min","Feb",0.586567466
"Tsholotsho","Min","Feb",0.546362733
"Umguza","Min","Feb",0.603240835
"Beitbridge","Min","Feb",0.452762262
"Bulilima (North)","Min","Feb",0.47692753
"Gwanda","Min","Feb",0.519969433
"Insiza","Min","Feb",0.544799233
"Mangwe (South)","Min","Feb",0.482218863
"Matobo","Min","Feb",0.52198637
"Umzingwane","Min","Feb",0.565533418
"Bikita","Min","Feb",0.538409749
"Chiredzi","Min","Feb",0.584212966
"Chivi","Min","Feb",0.497920085
"Gutu","Min","Feb",0.489123326
"Masvingo","Min","Feb",0.566246231
"Mwenezi","Min","Feb",0.5921142
"Zaka","Min","Feb",0.575090999
"Chegutu","Min","Feb",0.592393956
"Hurungwe","Min","Feb",0.705155494
"Kadoma","Min","Feb",0.619383522
"Kariba","Min","Feb",0.521136072
"Makonde","Min","Feb",0.706767839
"Zvimba","Min","Feb",0.652968834
"Harare","Min","Mar",0.55243599
"Bulawayo","Min","Mar",0.488092417
"Buhera","Min","Mar",0.363298686
"Chimanimani","Min","Mar",0.665212337
"Chipinge","Min","Mar",0.528947449
"Makoni","Min","Mar",0.571930495
"Mutare","Min","Mar",0.532803445
"Mutasa","Min","Mar",0.687549434
"Nyanga","Min","Mar",0.637190929
"Bindura","Min","Mar",0.682684407
"Guruve","Min","Mar",0.663426874
"Mount Darwin","Min","Mar",0.656782664
"Mazowe","Min","Mar",0.67822924
"Centenary","Min","Mar",0.629323702
"Rushinga","Min","Mar",0.672609782
"Shamva","Min","Mar",0.680967935
"Chikomba","Min","Mar",0.527504694
"Goromonzi","Min","Mar",0.627191277
"Marondera","Min","Mar",0.568760852
"Mudzi","Min","Mar",0.583803598
"Mutoko","Min","Mar",0.579939968
"Murehwa","Min","Mar",0.599148349
"UMP","Min","Mar",0.609416638
"Seke","Min","Mar",0.543286418
"Wedza","Min","Mar",0.55815811
"Chirumhanzu","Min","Mar",0.51346902
"Gokwe North","Min","Mar",0.637166885
"Gokwe South","Min","Mar",0.58034091
"Gweru","Min","Mar",0.550634129
"Kwekwe","Min","Mar",0.583556259
"Mberengwa","Min","Mar",0.500785012
"Shurugwi","Min","Mar",0.517050441
"Zvishavane","Min","Mar",0.499623463
"Binga","Min","Mar",0.59294309
"Bubi","Min","Mar",0.574542024
"Hwange","Min","Mar",0.589099053
"Lupane","Min","Mar",0.59171236
"Nkayi","Min","Mar",0.58809313
"Tsholotsho","Min","Mar",0.526791182
"Umguza","Min","Mar",0.578696187
"Beitbridge","Min","Mar",0.399775007
"Bulilima (North)","Min","Mar",0.454057773
"Gwanda","Min","Mar",0.460631534
"Insiza","Min","Mar",0.512690948
"Mangwe (South)","Min","Mar",0.438122297
"Matobo","Min","Mar",0.478308249
"Umzingwane","Min","Mar",0.523036351
"Bikita","Min","Mar",0.446462433
"Chiredzi","Min","Mar",0.496386175
"Chivi","Min","Mar",0.446197845
"Gutu","Min","Mar",0.45501925
"Masvingo","Min","Mar",0.513533692
"Mwenezi","Min","Mar",0.503033317
"Zaka","Min","Mar",0.483548881
"Chegutu","Min","Mar",0.581233761
"Hurungwe","Min","Mar",0.669680415
"Kadoma","Min","Mar",0.609905811
"Kariba","Min","Mar",0.499882363
"Makonde","Min","Mar",0.680775531
"Zvimba","Min","Mar",0.646599522
"Harare","Min","Apr",0.485784117
"Bulawayo","Min","Apr",0.44614305
"Buhera","Min","Apr",0.342551911
"Chimanimani","Min","Apr",0.656122346
"Chipinge","Min","Apr",0.522541798
"Makoni","Min","Apr",0.518612756
"Mutare","Min","Apr",0.516849238
"Mutasa","Min","Apr",0.673729691
"Nyanga","Min","Apr",0.587049816
"Bindura","Min","Apr",0.595914954
"Guruve","Min","Apr",0.556931551
"Mount Darwin","Min","Apr",0.533127364
"Mazowe","Min","Apr",0.565158655
"Centenary","Min","Apr",0.541441969
"Rushinga","Min","Apr",0.562701566
"Shamva","Min","Apr",0.595730928
"Chikomba","Min","Apr",0.476005572
"Goromonzi","Min","Apr",0.54550227
"Marondera","Min","Apr",0.512663988
"Mudzi","Min","Apr",0.506900047
"Mutoko","Min","Apr",0.496066261
"Murehwa","Min","Apr",0.531023343
"UMP","Min","Apr",0.513616581
"Seke","Min","Apr",0.466206229
"Wedza","Min","Apr",0.51963195
"Chirumhanzu","Min","Apr",0.473217409
"Gokwe North","Min","Apr",0.532197736
"Gokwe South","Min","Apr",0.501646812
"Gweru","Min","Apr",0.508217755
"Kwekwe","Min","Apr",0.510386947
"Mberengwa","Min","Apr",0.49614157
"Shurugwi","Min","Apr",0.507010123
"Zvishavane","Min","Apr",0.472388567
"Binga","Min","Apr",0.486782034
"Bubi","Min","Apr",0.535048398
"Hwange","Min","Apr",0.502041939
"Lupane","Min","Apr",0.538387279
"Nkayi","Min","Apr",0.526159486
"Tsholotsho","Min","Apr",0.492006712
"Umguza","Min","Apr",0.542440489
"Beitbridge","Min","Apr",0.370405539
"Bulilima (North)","Min","Apr",0.438196079
"Gwanda","Min","Apr",0.427164806
"Insiza","Min","Apr",0.482010472
"Mangwe (South)","Min","Apr",0.451774974
"Matobo","Min","Apr",0.453612325
"Umzingwane","Min","Apr",0.494717839
"Bikita","Min","Apr",0.444308054
"Chiredzi","Min","Apr",0.485753456
"Chivi","Min","Apr",0.432397602
"Gutu","Min","Apr",0.435006831
"Masvingo","Min","Apr",0.510174336
"Mwenezi","Min","Apr",0.478943628
"Zaka","Min","Apr",0.476812384
"Chegutu","Min","Apr",0.492595134
"Hurungwe","Min","Apr",0.555691646
"Kadoma","Min","Apr",0.518927118
"Kariba","Min","Apr",0.392022745
"Makonde","Min","Apr",0.589994959
"Zvimba","Min","Apr",0.536698377
"Harare","Min","May",0.435487659
"Bulawayo","Min","May",0.420873316
"Buhera","Min","May",0.313373257
"Chimanimani","Min","May",0.602710733
"Chipinge","Min","May",0.48143355
"Makoni","Min","May",0.442998885
"Mutare","Min","May",0.44097198
"Mutasa","Min","May",0.619182886
"Nyanga","Min","May",0.519078081
"Bindura","Min","May",0.502695789
"Guruve","Min","May",0.462202299
"Mount Darwin","Min","May",0.448382558
"Mazowe","Min","May",0.47574463
"Centenary","Min","May",0.459045381
"Rushinga","Min","May",0.457363891
"Shamva","Min","May",0.525386332
"Chikomba","Min","May",0.410611489
"Goromonzi","Min","May",0.474358695
"Marondera","Min","May",0.44915042
"Mudzi","Min","May",0.409679984
"Mutoko","Min","May",0.432293172
"Murehwa","Min","May",0.464895631
"UMP","Min","May",0.445231286
"Seke","Min","May",0.407851016
"Wedza","Min","May",0.443524373
"Chirumhanzu","Min","May",0.415717272
"Gokwe North","Min","May",0.452966926
"Gokwe South","Min","May",0.448596519
"Gweru","Min","May",0.434117086
"Kwekwe","Min","May",0.470739734
"Mberengwa","Min","May",0.425844584
"Shurugwi","Min","May",0.438161765
"Zvishavane","Min","May",0.40688615
"Binga","Min","May",0.41239816
"Bubi","Min","May",0.481312849
"Hwange","Min","May",0.435543774
"Lupane","Min","May",0.488367069
"Nkayi","Min","May",0.485147825
"Tsholotsho","Min","May",0.445048739
"Umguza","Min","May",0.499622062
"Beitbridge","Min","May",0.337130751
"Bulilima (North)","Min","May",0.418306561
"Gwanda","Min","May",0.37015802
"Insiza","Min","May",0.421479776
"Mangwe (South)","Min","May",0.41011422
"Matobo","Min","May",0.395164436
"Umzingwane","Min","May",0.445365466
"Bikita","Min","May",0.410863295
"Chiredzi","Min","May",0.44903721
"Chivi","Min","May",0.370809419
"Gutu","Min","May",0.375091613
"Masvingo","Min","May",0.434858899
"Mwenezi","Min","May",0.413876863
"Zaka","Min","May",0.438849681
"Chegutu","Min","May",0.441267493
"Hurungwe","Min","May",0.463471273
"Kadoma","Min","May",0.453612382
"Kariba","Min","May",0.323073022
"Makonde","Min","May",0.505572376
"Zvimba","Min","May",0.458210987
"Harare","Min","Jun",0.353884265
"Bulawayo","Min","Jun",0.327854166
"Buhera","Min","Jun",0.278541912
"Chimanimani","Min","Jun",0.541403285
"Chipinge","Min","Jun",0.421486649
"Makoni","Min","Jun",0.372874139
"Mutare","Min","Jun",0.38189892
"Mutasa","Min","Jun",0.55193966
"Nyanga","Min","Jun",0.453489702
"Bindura","Min","Jun",0.41617221
"Guruve","Min","Jun",0.397110171
"Mount Darwin","Min","Jun",0.371693308
"Mazowe","Min","Jun",0.393517765
"Centenary","Min","Jun",0.392023589
"Rushinga","Min","Jun",0.374110246
"Shamva","Min","Jun",0.437662169
"Chikomba","Min","Jun",0.34013304
"Goromonzi","Min","Jun",0.387594048
"Marondera","Min","Jun",0.370541146
"Mudzi","Min","Jun",0.348462451
"Mutoko","Min","Jun",0.37104864
"Murehwa","Min","Jun",0.385806209
"UMP","Min","Jun",0.374608192
"Seke","Min","Jun",0.336155749
"Wedza","Min","Jun",0.36801836
"Chirumhanzu","Min","Jun",0.348945263
"Gokwe North","Min","Jun",0.364382306
"Gokwe South","Min","Jun",0.375403416
"Gweru","Min","Jun",0.35245319
"Kwekwe","Min","Jun",0.377878344
"Mberengwa","Min","Jun",0.361345858
"Shurugwi","Min","Jun",0.361418007
"Zvishavane","Min","Jun",0.348143274
"Binga","Min","Jun",0.333534815
"Bubi","Min","Jun",0.37512408
"Hwange","Min","Jun",0.360972914
"Lupane","Min","Jun",0.406575191
"Nkayi","Min","Jun",0.390806354
"Tsholotsho","Min","Jun",0.365360376
"Umguza","Min","Jun",0.385684794
"Beitbridge","Min","Jun",0.301018462
"Bulilima (North)","Min","Jun",0.346368715
"Gwanda","Min","Jun",0.322424368
"Insiza","Min","Jun",0.341983083
"Mangwe (South)","Min","Jun",0.334250601
"Matobo","Min","Jun",0.337550882
"Umzingwane","Min","Jun",0.363362829
"Bikita","Min","Jun",0.355418011
"Chiredzi","Min","Jun",0.389225443
"Chivi","Min","Jun",0.326308083
"Gutu","Min","Jun",0.318824937
"Masvingo","Min","Jun",0.367532495
"Mwenezi","Min","Jun",0.359764521
"Zaka","Min","Jun",0.373328435
"Chegutu","Min","Jun",0.356038604
"Hurungwe","Min","Jun",0.392480214
"Kadoma","Min","Jun",0.36459848
"Kariba","Min","Jun",0.240519566
"Makonde","Min","Jun",0.410797926
"Zvimba","Min","Jun",0.36895313
"Harare","Min","Jul",0.312151584
"Bulawayo","Min","Jul",0.278282225
"Buhera","Min","Jul",0.252783023
"Chimanimani","Min","Jul",0.493003406
"Chipinge","Min","Jul",0.393417652
"Makoni","Min","Jul",0.326690829
"Mutare","Min","Jul",0.334146686
"Mutasa","Min","Jul",0.488521089
"Nyanga","Min","Jul",0.399059466
"Bindura","Min","Jul",0.371267752
"Guruve","Min","Jul",0.354816318
"Mount Darwin","Min","Jul",0.334895586
"Mazowe","Min","Jul",0.350308798
"Centenary","Min","Jul",0.351526523
"Rushinga","Min","Jul",0.340099534
"Shamva","Min","Jul",0.382642291
"Chikomba","Min","Jul",0.305243899
"Goromonzi","Min","Jul",0.347228746
"Marondera","Min","Jul",0.326890846
"Mudzi","Min","Jul",0.317973107
"Mutoko","Min","Jul",0.331019476
"Murehwa","Min","Jul",0.34318548
"UMP","Min","Jul",0.340016055
"Seke","Min","Jul",0.301263708
"Wedza","Min","Jul",0.327307076
"Chirumhanzu","Min","Jul",0.314744728
"Gokwe North","Min","Jul",0.320101975
"Gokwe South","Min","Jul",0.332758588
"Gweru","Min","Jul",0.31282397
"Kwekwe","Min","Jul",0.327465781
"Mberengwa","Min","Jul",0.328533979
"Shurugwi","Min","Jul",0.319316056
"Zvishavane","Min","Jul",0.310054334
"Binga","Min","Jul",0.289523357
"Bubi","Min","Jul",0.320511943
"Hwange","Min","Jul",0.323341278
"Lupane","Min","Jul",0.353088383
"Nkayi","Min","Jul",0.334426852
"Tsholotsho","Min","Jul",0.319663489
"Umguza","Min","Jul",0.323704241
"Beitbridge","Min","Jul",0.274398476
"Bulilima (North)","Min","Jul",0.300044385
"Gwanda","Min","Jul",0.295714463
"Insiza","Min","Jul",0.300087548
"Mangwe (South)","Min","Jul",0.292666995
"Matobo","Min","Jul",0.302689792
"Umzingwane","Min","Jul",0.316582659
"Bikita","Min","Jul",0.331315509
"Chiredzi","Min","Jul",0.353693639
"Chivi","Min","Jul",0.306310871
"Gutu","Min","Jul",0.288968613
"Masvingo","Min","Jul",0.34007612
"Mwenezi","Min","Jul",0.331082698
"Zaka","Min","Jul",0.360152771
"Chegutu","Min","Jul",0.312040733
"Hurungwe","Min","Jul",0.352041875
"Kadoma","Min","Jul",0.320694265
"Kariba","Min","Jul",0.202036102
"Makonde","Min","Jul",0.353244669
"Zvimba","Min","Jul",0.321036117
"Harare","Min","Aug",0.290981615
"Bulawayo","Min","Aug",0.258999725
"Buhera","Min","Aug",0.236211197
"Chimanimani","Min","Aug",0.461785666
"Chipinge","Min","Aug",0.363266953
"Makoni","Min","Aug",0.29787477
"Mutare","Min","Aug",0.307193184
"Mutasa","Min","Aug",0.444051011
"Nyanga","Min","Aug",0.366474306
"Bindura","Min","Aug",0.328804887
"Guruve","Min","Aug",0.313059501
"Mount Darwin","Min","Aug",0.300322521
"Mazowe","Min","Aug",0.316662969
"Centenary","Min","Aug",0.309245811
"Rushinga","Min","Aug",0.309583636
"Shamva","Min","Aug",0.334636567
"Chikomba","Min","Aug",0.283377016
"Goromonzi","Min","Aug",0.316348913
"Marondera","Min","Aug",0.301240038
"Mudzi","Min","Aug",0.295538716
"Mutoko","Min","Aug",0.300088061
"Murehwa","Min","Aug",0.310335406
"UMP","Min","Aug",0.306254514
"Seke","Min","Aug",0.28152003
"Wedza","Min","Aug",0.297690943
"Chirumhanzu","Min","Aug",0.293968549
"Gokwe North","Min","Aug",0.289184469
"Gokwe South","Min","Aug",0.304233199
"Gweru","Min","Aug",0.28843562
"Kwekwe","Min","Aug",0.304285648
"Mberengwa","Min","Aug",0.294992284
"Shurugwi","Min","Aug",0.293797418
"Zvishavane","Min","Aug",0.283630495
"Binga","Min","Aug",0.272833122
"Bubi","Min","Aug",0.301529445
"Hwange","Min","Aug",0.3042311
"Lupane","Min","Aug",0.330355967
"Nkayi","Min","Aug",0.309658447
"Tsholotsho","Min","Aug",0.298043985
"Umguza","Min","Aug",0.305188045
"Beitbridge","Min","Aug",0.252279067
"Bulilima (North)","Min","Aug",0.27495566
"Gwanda","Min","Aug",0.273933593
"Insiza","Min","Aug",0.278029919
"Mangwe (South)","Min","Aug",0.273947353
"Matobo","Min","Aug",0.283962478
"Umzingwane","Min","Aug",0.289515993
"Bikita","Min","Aug",0.301646672
"Chiredzi","Min","Aug",0.315111495
"Chivi","Min","Aug",0.281260021
"Gutu","Min","Aug",0.268105823
"Masvingo","Min","Aug",0.314405017
"Mwenezi","Min","Aug",0.302448899
"Zaka","Min","Aug",0.339052912
"Chegutu","Min","Aug",0.2831667
"Hurungwe","Min","Aug",0.312920778
"Kadoma","Min","Aug",0.294881192
"Kariba","Min","Aug",0.181997669
"Makonde","Min","Aug",0.310985372
"Zvimba","Min","Aug",0.288694426
"Harare","Min","Sep",0.291034043
"Bulawayo","Min","Sep",0.25415915
"Buhera","Min","Sep",0.233080664
"Chimanimani","Min","Sep",0.447868348
"Chipinge","Min","Sep",0.335674426
"Makoni","Min","Sep",0.29503586
"Mutare","Min","Sep",0.297686327
"Mutasa","Min","Sep",0.423948688
"Nyanga","Min","Sep",0.357379586
"Bindura","Min","Sep",0.31294078
"Guruve","Min","Sep",0.2940413
"Mount Darwin","Min","Sep",0.286139071
"Mazowe","Min","Sep",0.31304797
"Centenary","Min","Sep",0.286818902
"Rushinga","Min","Sep",0.292514227
"Shamva","Min","Sep",0.312475456
"Chikomba","Min","Sep",0.281949969
"Goromonzi","Min","Sep",0.312673685
"Marondera","Min","Sep",0.300870745
"Mudzi","Min","Sep",0.285054364
"Mutoko","Min","Sep",0.291123302
"Murehwa","Min","Sep",0.303454655
"UMP","Min","Sep",0.294928761
"Seke","Min","Sep",0.280304065
"Wedza","Min","Sep",0.294264218
"Chirumhanzu","Min","Sep",0.295036574
"Gokwe North","Min","Sep",0.274029228
"Gokwe South","Min","Sep",0.290454025
"Gweru","Min","Sep",0.286056192
"Kwekwe","Min","Sep",0.298730181
"Mberengwa","Min","Sep",0.282258967
"Shurugwi","Min","Sep",0.29379524
"Zvishavane","Min","Sep",0.274958092
"Binga","Min","Sep",0.274099631
"Bubi","Min","Sep",0.290811909
"Hwange","Min","Sep",0.291596998
"Lupane","Min","Sep",0.319669285
"Nkayi","Min","Sep",0.299646112
"Tsholotsho","Min","Sep",0.287637243
"Umguza","Min","Sep",0.293260762
"Beitbridge","Min","Sep",0.239792119
"Bulilima (North)","Min","Sep",0.263185946
"Gwanda","Min","Sep",0.261844639
"Insiza","Min","Sep",0.274288367
"Mangwe (South)","Min","Sep",0.261422235
"Matobo","Min","Sep",0.270048319
"Umzingwane","Min","Sep",0.277390749
"Bikita","Min","Sep",0.282228174
"Chiredzi","Min","Sep",0.285193515
"Chivi","Min","Sep",0.264360479
"Gutu","Min","Sep",0.267031437
"Masvingo","Min","Sep",0.297983039
"Mwenezi","Min","Sep",0.283834324
"Zaka","Min","Sep",0.307466458
"Chegutu","Min","Sep",0.278841731
"Hurungwe","Min","Sep",0.297958672
"Kadoma","Min","Sep",0.287547996
"Kariba","Min","Sep",0.194254663
"Makonde","Min","Sep",0.29413166
"Zvimba","Min","Sep",0.281338944
"Harare","Min","Oct",0.306733477
"Bulawayo","Min","Oct",0.256358352
"Buhera","Min","Oct",0.228327974
"Chimanimani","Min","Oct",0.448075026
"Chipinge","Min","Oct",0.334743835
"Makoni","Min","Oct",0.299416638
"Mutare","Min","Oct",0.300818486
"Mutasa","Min","Oct",0.431872775
"Nyanga","Min","Oct",0.36606833
"Bindura","Min","Oct",0.312780221
"Guruve","Min","Oct",0.293187098
"Mount Darwin","Min","Oct",0.282035474
"Mazowe","Min","Oct",0.317992191
"Centenary","Min","Oct",0.287709463
"Rushinga","Min","Oct",0.293101906
"Shamva","Min","Oct",0.312300402
"Chikomba","Min","Oct",0.289562169
"Goromonzi","Min","Oct",0.320464756
"Marondera","Min","Oct",0.310422972
"Mudzi","Min","Oct",0.282445885
"Mutoko","Min","Oct",0.291448244
"Murehwa","Min","Oct",0.307101971
"UMP","Min","Oct",0.292973763
"Seke","Min","Oct",0.286235262
"Wedza","Min","Oct",0.296467178
"Chirumhanzu","Min","Oct",0.297849475
"Gokwe North","Min","Oct",0.275963372
"Gokwe South","Min","Oct",0.291927497
"Gweru","Min","Oct",0.287196494
"Kwekwe","Min","Oct",0.301783065
"Mberengwa","Min","Oct",0.278994427
"Shurugwi","Min","Oct",0.298328618
"Zvishavane","Min","Oct",0.27232307
"Binga","Min","Oct",0.282172773
"Bubi","Min","Oct",0.293568818
"Hwange","Min","Oct",0.301185691
"Lupane","Min","Oct",0.324493095
"Nkayi","Min","Oct",0.301945404
"Tsholotsho","Min","Oct",0.291256608
"Umguza","Min","Oct",0.296987536
"Beitbridge","Min","Oct",0.234792402
"Bulilima (North)","Min","Oct",0.262840726
"Gwanda","Min","Oct",0.258451586
"Insiza","Min","Oct",0.271997803
"Mangwe (South)","Min","Oct",0.262004378
"Matobo","Min","Oct",0.27035067
"Umzingwane","Min","Oct",0.279366025
"Bikita","Min","Oct",0.281933978
"Chiredzi","Min","Oct",0.28041166
"Chivi","Min","Oct",0.261401295
"Gutu","Min","Oct",0.270114133
"Masvingo","Min","Oct",0.295725016
"Mwenezi","Min","Oct",0.28273699
"Zaka","Min","Oct",0.297854094
"Chegutu","Min","Oct",0.280876396
"Hurungwe","Min","Oct",0.299293669
"Kadoma","Min","Oct",0.29058799
"Kariba","Min","Oct",0.239727487
"Makonde","Min","Oct",0.299617655
"Zvimba","Min","Oct",0.285398482
"Harare","Min","Nov",0.341990886
"Bulawayo","Min","Nov",0.278402954
"Buhera","Min","Nov",0.237124017
"Chimanimani","Min","Nov",0.48053255
"Chipinge","Min","Nov",0.348416103
"Makoni","Min","Nov",0.361937195
"Mutare","Min","Nov",0.331201095
"Mutasa","Min","Nov",0.481447834
"Nyanga","Min","Nov",0.441620015
"Bindura","Min","Nov",0.358759959
"Guruve","Min","Nov",0.293964014
"Mount Darwin","Min","Nov",0.286912166
"Mazowe","Min","Nov",0.358075479
"Centenary","Min","Nov",0.300923264
"Rushinga","Min","Nov",0.315240744
"Shamva","Min","Nov",0.360296736
"Chikomba","Min","Nov",0.321668959
"Goromonzi","Min","Nov",0.368393452
"Marondera","Min","Nov",0.355658693
"Mudzi","Min","Nov",0.318824151
"Mutoko","Min","Nov",0.361258261
"Murehwa","Min","Nov",0.365636489
"UMP","Min","Nov",0.335322591
"Seke","Min","Nov",0.325334431
"Wedza","Min","Nov",0.344167748
"Chirumhanzu","Min","Nov",0.320180698
"Gokwe North","Min","Nov",0.273327464
"Gokwe South","Min","Nov",0.304211836
"Gweru","Min","Nov",0.317603781
"Kwekwe","Min","Nov",0.325461146
"Mberengwa","Min","Nov",0.305096787
"Shurugwi","Min","Nov",0.32144742
"Zvishavane","Min","Nov",0.289902485
"Binga","Min","Nov",0.296252439
"Bubi","Min","Nov",0.319195906
"Hwange","Min","Nov",0.299580277
"Lupane","Min","Nov",0.348825318
"Nkayi","Min","Nov",0.326664537
"Tsholotsho","Min","Nov",0.294764782
"Umguza","Min","Nov",0.318546882
"Beitbridge","Min","Nov",0.251072701
"Bulilima (North)","Min","Nov",0.271857268
"Gwanda","Min","Nov",0.265648389
"Insiza","Min","Nov",0.29785903
"Mangwe (South)","Min","Nov",0.271066417
"Matobo","Min","Nov",0.277951283
"Umzingwane","Min","Nov",0.307657514
"Bikita","Min","Nov",0.295753824
"Chiredzi","Min","Nov",0.292645952
"Chivi","Min","Nov",0.270731929
"Gutu","Min","Nov",0.291962202
"Masvingo","Min","Nov",0.306158422
"Mwenezi","Min","Nov",0.29886234
"Zaka","Min","Nov",0.308048349
"Chegutu","Min","Nov",0.306355028
"Hurungwe","Min","Nov",0.30195428
"Kadoma","Min","Nov",0.300966108
"Kariba","Min","Nov",0.258899899
"Makonde","Min","Nov",0.317600843
"Zvimba","Min","Nov",0.314285743
"Harare","Min","Dec",0.402656042
"Bulawayo","Min","Dec",0.376431031
"Buhera","Min","Dec",0.305693147
"Chimanimani","Min","Dec",0.590269296
"Chipinge","Min","Dec",0.475687395
"Makoni","Min","Dec",0.454902985
"Mutare","Min","Dec",0.445730522
"Mutasa","Min","Dec",0.569042064
"Nyanga","Min","Dec",0.526286838
"Bindura","Min","Dec",0.390773949
"Guruve","Min","Dec",0.321247084
"Mount Darwin","Min","Dec",0.325221755
"Mazowe","Min","Dec",0.389099486
"Centenary","Min","Dec",0.328167387
"Rushinga","Min","Dec",0.389971709
"Shamva","Min","Dec",0.386680888
"Chikomba","Min","Dec",0.40888805
"Goromonzi","Min","Dec",0.443127725
"Marondera","Min","Dec",0.4594054
"Mudzi","Min","Dec",0.382943176
"Mutoko","Min","Dec",0.396356282
"Murehwa","Min","Dec",0.419676185
"UMP","Min","Dec",0.383267151
"Seke","Min","Dec",0.427054013
"Wedza","Min","Dec",0.453919602
"Chirumhanzu","Min","Dec",0.405227505
"Gokwe North","Min","Dec",0.381879754
"Gokwe South","Min","Dec",0.382545827
"Gweru","Min","Dec",0.402965416
"Kwekwe","Min","Dec",0.419958171
"Mberengwa","Min","Dec",0.385772608
"Shurugwi","Min","Dec",0.397113706
"Zvishavane","Min","Dec",0.356759188
"Binga","Min","Dec",0.400122571
"Bubi","Min","Dec",0.430561769
"Hwange","Min","Dec",0.422059366
"Lupane","Min","Dec",0.449133717
"Nkayi","Min","Dec",0.45021839
"Tsholotsho","Min","Dec",0.402297546
"Umguza","Min","Dec",0.430468666
"Beitbridge","Min","Dec",0.343833206
"Bulilima (North)","Min","Dec",0.379747766
"Gwanda","Min","Dec",0.364426614
"Insiza","Min","Dec",0.375558032
"Mangwe (South)","Min","Dec",0.391846709
"Matobo","Min","Dec",0.396327871
"Umzingwane","Min","Dec",0.40326239
"Bikita","Min","Dec",0.398115668
"Chiredzi","Min","Dec",0.468534404
"Chivi","Min","Dec",0.331206215
"Gutu","Min","Dec",0.371744557
"Masvingo","Min","Dec",0.408768755
"Mwenezi","Min","Dec",0.429555823
"Zaka","Min","Dec",0.40588017
"Chegutu","Min","Dec",0.406255105
"Hurungwe","Min","Dec",0.38325746
"Kadoma","Min","Dec",0.407263603
"Kariba","Min","Dec",0.366101226
"Makonde","Min","Dec",0.397043107
"Zvimba","Min","Dec",0.380505387
